vendorid,lpep_pickup_datetime,lpep_dropoff_datetime,store_and_fwd_flag,ratecodeid,pulocationid,dolocationid,passenger_count,trip_distance,fare_amount,extra,mta_tax,tip_amount,tolls_amount,improvement_surcharge,total_amount,payment_type,trip_type,congestion_surcharge
2,2021-01-01T00:15:56.000,2021-01-01T00:19:52.000,N,1,43,151,1,1.01,5.5,0.5,0.5,0,0,0.3,6.8,2,1,0
2,2021-01-01T00:25:59.000,2021-01-01T00:34:44.000,N,1,166,239,1,2.53,10,0.5,0.5,2.81,0,0.3,16.86,1,1,2.75
2,2021-01-01T00:45:57.000,2021-01-01T00:51:55.000,N,1,41,42,1,1.12,6,0.5,0.5,1,0,0.3,8.3,1,1,0
2,2020-12-31T23:57:51.000,2021-01-01T00:04:56.000,N,1,168,75,1,1.99,8,0.5,0.5,0,0,0.3,9.3,2,1,0
2,2021-01-01T00:16:36.000,2021-01-01T00:16:40.000,N,2,265,265,3,0.00,-52,0,-0.5,0,0,-0.3,-52.8,3,1,0
2,2021-01-01T00:16:36.000,2021-01-01T00:16:40.000,N,2,265,265,3,0.00,52,0,0.5,0,0,0.3,52.8,2,1,0
2,2021-01-01T00:19:14.000,2021-01-01T00:19:21.000,N,5,265,265,1,0.00,180,0,0,36.06,0,0.3,216.36,1,2,0
2,2021-01-01T00:26:31.000,2021-01-01T00:28:50.000,N,1,75,75,6,0.45,3.5,0.5,0.5,0.96,0,0.3,5.76,1,1,0
2,2021-01-01T00:57:46.000,2021-01-01T00:57:57.000,N,1,225,225,1,0.00,2.5,0.5,0.5,0,0,0.3,3.8,2,1,0
2,2021-01-01T00:58:32.000,2021-01-01T01:32:34.000,N,1,225,265,1,12.19,38,0.5,0.5,2.75,0,0.3,42.05,1,1,0
2,2021-01-01T00:31:14.000,2021-01-01T00:55:07.000,N,1,244,244,2,3.39,18,0.5,0.5,0,0,0.3,19.3,2,1,0
2,2021-01-01T00:08:50.000,2021-01-01T00:21:56.000,N,1,75,213,1,6.69,19.5,0.5,0.5,0,0,0.3,20.8,2,1,0
2,2021-01-01T00:35:13.000,2021-01-01T00:44:44.000,N,1,74,238,1,2.34,10,0.5,0.5,0,0,0.3,14.05,1,1,2.75
2,2021-01-01T00:39:57.000,2021-01-01T00:55:25.000,N,1,74,60,1,5.48,18,0.5,0.5,0,0,0.3,19.3,2,1,0
1,2021-01-01T00:51:27.000,2021-01-01T00:57:20.000,N,1,42,41,2,0.90,6,0.5,0.5,0,0,0.3,7.3,1,1,0
2,2021-01-01T00:29:05.000,2021-01-01T00:29:07.000,N,5,42,264,1,0.00,10,0,0,2.06,0,0.3,12.36,1,2,0
2,2021-01-01T00:32:07.000,2021-01-01T00:42:54.000,N,1,74,116,1,2.08,9.5,0.5,0.5,2.16,0,0.3,12.96,1,1,0
2,2021-01-01T00:49:59.000,2021-01-01T01:05:01.000,N,1,116,143,1,4.64,16.5,0.5,0.5,5.14,0,0.3,25.69,1,1,2.75
2,2021-01-01T00:07:20.000,2021-01-01T00:12:01.000,N,1,75,42,1,1.68,6.5,0.5,0.5,0,0,0.3,7.8,2,1,0
2,2021-01-01T00:25:54.000,2021-01-01T00:28:20.000,N,1,74,75,1,0.68,4,0.5,0.5,0,0,0.3,5.3,2,1,0
2,2021-01-01T00:15:51.000,2021-01-01T00:30:34.000,N,1,7,82,5,2.70,12,0.5,0.5,0,0,0.3,13.3,1,1,0
2,2021-01-01T00:21:09.000,2021-01-01T01:06:01.000,N,1,152,117,1,29.07,77.5,0.5,0.5,0,6.12,0.3,84.92,2,1,0
2,2021-01-01T00:42:25.000,2021-01-01T00:43:06.000,N,1,82,82,1,0.00,2.5,0.5,0.5,8,0,0.3,11.8,1,1,0
2,2021-01-01T00:51:52.000,2021-01-01T01:06:13.000,N,1,116,74,1,2.78,12,0.5,0.5,0,0,0.3,13.3,2,1,0
2,2021-01-01T00:23:19.000,2021-01-01T00:34:03.000,N,1,116,69,3,2.25,10,0.5,0.5,0,0,0.3,11.3,2,1,0
1,2021-01-01T00:56:41.000,2021-01-01T01:13:31.000,N,1,259,116,1,0.00,28.2,0,0.5,0,0,0.3,29,1,1,0
2,2021-01-01T00:50:23.000,2021-01-01T00:55:11.000,N,1,247,167,1,1.03,5.5,0.5,0.5,0,0,0.3,6.8,1,1,0
2,2021-01-01T00:15:41.000,2021-01-01T00:18:57.000,N,1,166,41,1,0.65,4.5,0.5,0.5,0,0,0.3,5.8,1,1,0
2,2021-01-01T00:30:34.000,2021-01-01T00:43:14.000,N,1,74,119,1,2.51,11.5,0.5,0.5,2.56,0,0.3,15.36,1,1,0
2,2021-01-01T00:39:40.000,2021-01-01T01:05:04.000,N,1,17,107,1,7.57,25.5,0.5,0.5,7.39,0,0.3,36.94,1,1,2.75
2,2021-01-01T00:35:29.000,2021-01-01T00:55:15.000,N,5,74,247,1,3.64,13,0,0,0,0,0.3,13.3,2,2,0
2,2021-01-01T00:28:19.000,2021-01-01T00:32:16.000,N,1,74,74,1,0.63,5,0.5,0.5,0,0,0.3,6.3,2,1,0
1,2021-01-01T01:45:34.000,2021-01-01T01:59:16.000,N,1,173,56,1,1.50,10.5,0.5,0.5,2.75,2,0.3,16.55,1,1,0
2,2021-01-01T01:27:19.000,2021-01-01T01:36:40.000,N,1,152,239,1,2.83,10.5,0.5,0.5,0,0,0.3,14.55,2,1,2.75
2,2021-01-01T01:06:08.000,2021-01-01T01:25:52.000,N,1,41,233,1,5.03,17.5,0.5,0.5,0,0,0.3,21.55,1,1,2.75
2,2021-01-01T01:30:03.000,2021-01-01T01:42:03.000,N,1,42,119,1,3.13,11.5,0.5,0.5,1.1,0,0.3,13.9,1,1,0
2,2021-01-01T01:06:34.000,2021-01-01T01:15:26.000,N,1,7,260,6,2.24,9,0.5,0.5,0,0,0.3,10.3,2,1,0
2,2021-01-01T01:22:08.000,2021-01-01T01:31:45.000,N,1,47,42,1,2.11,9,0.5,0.5,0,0,0.3,10.3,2,1,0
1,2021-01-01T01:27:22.000,2021-01-01T01:36:01.000,N,1,75,24,1,1.60,8,0.5,0.5,0,0,0.3,9.3,2,1,0
2,2021-01-01T01:46:44.000,2021-01-01T01:51:56.000,N,1,41,166,1,0.77,5.5,0.5,0.5,2.04,0,0.3,8.84,1,1,0
2,2021-01-01T01:45:45.000,2021-01-01T01:54:47.000,N,1,179,7,1,1.46,8,0.5,0.5,0,0,0.3,9.3,2,1,0
2,2021-01-01T01:40:49.000,2021-01-01T01:54:21.000,N,1,7,159,5,5.19,17,0.5,0.5,0,6.12,0.3,24.42,1,1,0
2,2021-01-01T01:03:41.000,2021-01-01T01:30:43.000,N,1,95,145,1,10.05,31.5,0.5,0.5,0,0,0.3,32.8,1,1,0
2,2021-01-01T23:12:41.000,2021-01-02T01:13:53.000,N,5,95,82,1,0.00,9.7,0,0,2,0,0.3,12,1,2,0
2,2021-01-01T01:20:10.000,2021-01-01T01:23:04.000,N,1,236,238,1,0.77,4.5,0.5,0.5,0,0,0.3,5.8,2,1,0
2,2021-01-01T01:49:29.000,2021-01-01T01:49:33.000,N,5,244,244,5,0.02,12,0,0,2.46,0,0.3,14.76,1,2,0
1,2021-01-01T01:30:50.000,2021-01-01T01:49:33.000,N,1,65,225,2,4.10,16,0.5,0.5,3.45,0,0.3,20.75,1,1,0
2,2021-01-01T01:07:45.000,2021-01-01T01:13:57.000,N,1,166,151,1,1.07,6.5,0.5,0.5,1.56,0,0.3,9.36,1,1,0
1,2021-01-01T01:39:30.000,2021-01-01T02:01:50.000,N,1,247,13,1,0.00,36.2,0,0.5,0,0,0.3,37,1,1,0
1,2021-01-01T01:01:59.000,2021-01-01T01:10:50.000,N,1,14,14,0,0.00,6.5,0.5,0.5,0,0,0.3,7.8,2,1,0
2,2021-01-01T01:04:25.000,2021-01-01T01:17:37.000,N,1,74,168,1,2.86,12,0.5,0.5,0,0,0.3,13.3,1,1,0
2,2021-01-01T01:54:13.000,2021-01-01T02:12:35.000,N,1,235,167,1,3.56,14,0.5,0.5,3.06,0,0.3,18.36,1,1,0
2,2021-01-01T00:57:52.000,2021-01-01T01:00:30.000,N,1,116,42,1,0.59,4,0.5,0.5,0,0,0.3,5.3,2,1,0
2,2021-01-01T01:54:51.000,2021-01-01T02:15:35.000,N,5,74,94,1,5.82,18,0,0,0,0,0.3,18.3,2,2,0
2,2021-01-01T02:07:27.000,2021-01-01T02:18:09.000,N,1,41,143,1,2.20,10,0.5,0.5,0,0,0.3,14.05,2,1,2.75
2,2021-01-01T02:09:05.000,2021-01-01T02:15:23.000,N,1,75,141,1,1.96,7.5,0.5,0.5,2,0,0.3,13.55,1,1,2.75
2,2021-01-01T02:27:53.000,2021-01-01T02:57:11.000,N,1,74,232,1,8.70,30,0.5,0.5,0,0,0.3,34.05,2,1,2.75
2,2021-01-01T02:18:14.000,2021-01-01T02:26:28.000,N,1,168,74,1,2.14,9,0.5,0.5,0,0,0.3,10.3,2,1,0
1,2021-01-01T02:08:51.000,2021-01-01T02:37:27.000,N,1,37,167,1,0.00,34.2,0,0.5,0,6.12,0.3,41.12,1,1,0
1,2021-01-01T02:45:15.000,2021-01-01T02:59:07.000,N,1,167,78,1,0.00,14.2,0,0.5,0,0,0.3,15,1,1,0
2,2021-01-01T02:28:37.000,2021-01-01T02:36:09.000,N,1,256,17,1,1.30,7.5,0.5,0.5,0,0,0.3,8.8,2,1,0
2,2021-01-01T02:46:42.000,2021-01-01T03:03:38.000,N,1,256,164,1,5.83,19.5,0.5,0.5,0,0,0.3,23.55,2,1,2.75
2,2021-01-01T02:10:44.000,2021-01-01T02:10:57.000,N,1,28,28,1,0.00,2.5,0.5,0.5,10,0,0.3,13.8,1,1,0
2,2021-01-01T02:32:32.000,2021-01-01T02:45:33.000,N,1,42,142,2,4.69,15,0.5,0.5,0,0,0.3,19.05,2,1,2.75
2,2021-01-01T02:56:25.000,2021-01-01T03:03:05.000,N,1,75,42,1,2.01,8,0.5,0.5,0,0,0.3,9.3,2,1,0
2,2021-01-01T02:39:04.000,2021-01-01T02:42:39.000,N,1,129,129,1,0.43,4,0.5,0.5,0,0,0.3,5.3,2,1,0
2,2021-01-01T02:36:06.000,2021-01-01T02:40:06.000,N,1,41,42,6,0.95,5,0.5,0.5,0,0,0.3,6.3,2,1,0
2,2021-01-01T02:09:59.000,2021-01-01T02:22:06.000,N,1,167,212,1,2.73,11,0.5,0.5,0,0,0.3,12.3,2,1,0
2,2021-01-01T02:52:38.000,2021-01-01T03:00:49.000,N,1,74,75,1,1.55,7.5,0.5,0.5,0,0,0.3,8.8,2,1,0
2,2021-01-01T02:42:49.000,2021-01-01T02:50:59.000,N,5,136,241,1,0.57,9,0,0,0,0,0.3,9.3,2,2,0
2,2021-01-01T03:23:00.000,2021-01-01T03:35:59.000,N,1,41,142,5,3.52,13,0.5,0.5,0,0,0.3,17.05,2,1,2.75
1,2021-01-01T03:08:15.000,2021-01-01T03:08:33.000,N,1,78,78,1,0.00,0,0,0,0,0,0,0,3,1,0
1,2021-01-01T03:21:45.000,2021-01-01T03:37:03.000,N,1,69,42,1,0.00,14.2,0,0.5,0,0,0.3,15,1,1,0
2,2021-01-01T03:38:59.000,2021-01-01T03:58:21.000,N,1,112,97,6,5.09,19.5,0.5,0.5,0,0,0.3,20.8,2,1,0
2,2021-01-01T03:26:06.000,2021-01-01T03:40:53.000,N,1,116,136,1,4.76,17,0.5,0.5,0,0,0.3,18.3,2,1,0
2,2021-01-01T03:53:54.000,2021-01-01T04:16:21.000,N,1,179,249,1,6.67,22,0.5,0.5,4.83,6.12,0.3,37,1,1,2.75
2,2021-01-01T03:18:04.000,2021-01-01T03:33:06.000,N,1,75,248,1,6.25,19,0.5,0.5,0,0,0.3,20.3,2,1,0
2,2021-01-01T03:23:04.000,2021-01-01T03:24:31.000,N,1,119,119,1,0.09,3,0.5,0.5,0,0,0.3,4.3,2,1,0
2,2021-01-01T03:31:06.000,2021-01-01T04:14:49.000,N,1,119,55,1,28.26,75.5,0.5,0.5,2.75,6.12,0.3,85.67,1,1,0
2,2021-01-01T03:05:05.000,2021-01-01T03:05:08.000,N,5,32,264,3,0.00,7,0,0,0,0,0.3,7.3,1,2,0
2,2021-01-01T03:36:46.000,2021-01-01T04:03:25.000,N,1,42,50,1,9.18,29.5,0.5,0.5,6.71,0,0.3,40.26,1,1,2.75
1,2021-01-01T03:07:21.000,2021-01-01T03:22:10.000,N,1,250,41,1,0.00,22.2,0,0.5,0,0,0.3,23,1,1,0
1,2021-01-01T03:35:40.000,2021-01-01T03:52:28.000,N,1,75,94,1,0.00,24.2,0,0.5,0,0,0.3,25,1,1,0
2,2021-01-01T03:20:33.000,2021-01-01T03:25:45.000,N,1,42,244,1,1.01,6,0.5,0.5,0.7,0,0.3,8,1,1,0
2,2021-01-01T03:52:41.000,2021-01-01T03:57:54.000,N,1,41,42,1,1.22,6,0.5,0.5,0,0,0.3,7.3,2,1,0
2,2021-01-01T03:09:15.000,2021-01-01T03:15:17.000,N,1,75,74,1,1.18,6,0.5,0.5,0,0,0.3,7.3,2,1,0
2,2021-01-01T03:22:51.000,2021-01-01T03:31:51.000,N,1,74,140,1,3.61,12.5,0.5,0.5,3.31,0,0.3,19.86,1,1,2.75
2,2021-01-01T04:39:08.000,2021-01-01T04:43:14.000,N,1,42,42,1,0.62,5,0.5,0.5,0,0,0.3,6.3,2,1,0
2,2021-01-01T04:52:02.000,2021-01-01T05:05:01.000,N,5,247,75,1,3.43,15,0,0,0,0,0.3,15.3,2,2,0
2,2021-01-01T04:32:23.000,2021-01-01T04:33:19.000,N,1,42,41,1,0.30,3,0.5,0.5,0,0,0.3,4.3,1,1,0
2,2021-01-01T04:11:28.000,2021-01-02T03:40:53.000,N,1,116,81,1,10.80,32,0.5,0.5,0,0,0.3,33.3,1,1,0
2,2021-01-01T04:55:33.000,2021-01-01T04:55:43.000,N,5,159,159,1,0.00,30,0,0,3,0,0.3,33.3,1,2,0
2,2021-01-01T04:09:00.000,2021-01-01T04:17:08.000,N,1,95,134,1,1.65,8,0.5,0.5,1.86,0,0.3,11.16,1,1,0
2,2021-01-01T04:45:36.000,2021-01-01T04:51:15.000,N,1,74,41,1,1.03,6,0.5,0.5,10,0,0.3,17.3,1,1,0
1,2021-01-01T04:24:35.000,2021-01-01T04:33:20.000,N,1,248,169,1,0.00,17.2,0,0.5,0,0,0.3,18,1,1,0
2,2021-01-01T05:54:40.000,2021-01-01T05:58:07.000,N,1,43,236,1,0.64,4.5,0.5,0.5,2,0,0.3,10.55,1,1,2.75
2,2021-01-01T05:52:43.000,2021-01-01T05:58:02.000,N,5,7,7,1,0.65,50,0,0,7,0,0.3,57.3,1,2,0
2,2021-01-01T05:34:35.000,2021-01-01T05:47:16.000,N,1,75,167,1,3.66,13,0.5,0.5,0,0,0.3,14.3,2,1,0
2,2021-01-01T05:21:41.000,2021-01-01T05:44:10.000,N,5,82,263,1,6.32,22.63,0,0,3.42,0,0.3,29.1,1,1,2.75
2,2021-01-01T05:57:21.000,2021-01-01T05:58:37.000,N,5,152,152,1,0.10,15,0,0,0,0,0.3,15.3,2,2,0
2,2021-01-01T05:06:53.000,2021-01-01T05:10:56.000,N,1,74,237,1,1.85,7,0.5,0.5,2.21,0,0.3,13.26,1,1,2.75
2,2021-01-01T05:58:02.000,2021-01-01T05:58:55.000,N,5,138,138,1,0.00,40,0,0,0,0,0.3,40.3,2,1,0
2,2021-01-01T05:39:24.000,2021-01-01T07:00:51.000,N,1,72,136,1,26.62,89,0.5,0.5,2.75,6.12,0.3,99.17,1,1,0
2,2021-01-01T06:11:35.000,2021-01-01T06:26:53.000,N,1,116,236,1,5.28,17.5,0,0.5,6.32,0,0.3,27.37,1,1,2.75
2,2021-01-01T06:49:30.000,2021-01-01T06:54:34.000,N,1,74,75,6,1.50,6.5,0,0.5,1.46,0,0.3,8.76,1,1,0
1,2021-01-01T06:28:54.000,2021-01-01T06:35:53.000,N,1,82,82,1,1.40,7.5,0,0.5,0,0,0.3,8.3,2,1,0
2,2021-01-01T06:08:49.000,2021-01-01T06:15:23.000,N,1,116,151,1,2.12,8.5,0,0.5,0,0,0.3,9.3,2,1,0
1,2021-01-01T06:16:20.000,2021-01-01T06:28:31.000,N,1,183,168,1,0.00,20.2,0,0.5,0,0,0.3,21,1,1,0
1,2021-01-01T06:36:29.000,2021-01-01T06:43:02.000,Y,1,74,75,1,1.40,7,0,0.5,1.55,0,0.3,9.35,1,1,0
2,2021-01-01T06:12:44.000,2021-01-01T06:31:09.000,N,1,152,164,1,6.75,22.5,0,0.5,0,0,0.3,26.05,2,1,2.75
2,2021-01-01T06:53:27.000,2021-01-01T07:04:49.000,N,1,243,48,1,8.34,24,0,0.5,0,0,0.3,27.55,2,1,2.75
2,2021-01-01T07:22:31.000,2021-01-01T07:24:07.000,N,5,159,159,1,0.27,12,0,0,0.08,0,0.3,12.38,1,2,0
2,2021-01-01T06:51:46.000,2021-01-01T06:57:44.000,N,1,75,141,1,2.53,8.5,0,0.5,3.62,0,0.3,15.67,1,1,2.75
2,2021-01-01T07:08:52.000,2021-01-01T07:12:15.000,N,1,75,75,1,0.59,4.5,0,0.5,0,0,0.3,5.3,1,1,0
2,2021-01-01T07:14:50.000,2021-01-01T07:27:13.000,N,1,43,48,1,3.62,13,0,0.5,3.31,0,0.3,19.86,1,1,2.75
2,2021-01-01T07:12:06.000,2021-01-01T07:26:41.000,N,1,42,173,1,8.21,23.5,0,0.5,0,6.12,0.3,30.42,2,1,0
2,2021-01-01T07:09:31.000,2021-01-01T07:13:29.000,N,1,74,263,5,1.62,6.5,0,0.5,3.02,0,0.3,13.07,1,1,2.75
2,2021-01-01T07:21:55.000,2021-01-01T07:29:38.000,N,1,75,233,5,2.67,9.5,0,0.5,0,0,0.3,13.05,2,1,2.75
2,2021-01-01T07:40:50.000,2021-01-01T07:43:47.000,N,1,75,75,5,0.58,4.5,0,0.5,0,0,0.3,5.3,2,1,0
2,2021-01-01T07:48:29.000,2021-01-01T07:51:08.000,N,1,75,74,5,1.26,5.5,0,0.5,0,0,0.3,6.3,2,1,0
2,2021-01-01T07:17:17.000,2021-01-01T07:54:09.000,N,1,43,76,1,19.34,54.5,0,0.5,5,0,0.3,63.05,1,1,2.75
2,2021-01-01T07:31:22.000,2021-01-01T07:31:25.000,N,5,242,264,0,0.00,7,0,0,0,0,0.3,7.3,1,2,0
1,2021-01-01T07:39:31.000,2021-01-01T07:53:58.000,N,1,95,135,1,2.70,12.5,0,0.5,2.65,0,0.3,15.95,1,1,0
2,2021-01-01T07:25:50.000,2021-01-01T07:32:38.000,N,1,82,129,2,1.70,7.5,0,0.5,1.66,0,0.3,9.96,1,1,0
2,2021-01-01T07:36:13.000,2021-01-01T08:46:24.000,N,1,136,10,1,19.68,72,0,0.5,2.75,12.24,0.3,87.79,1,1,0
2,2021-01-01T08:37:01.000,2021-01-01T08:37:06.000,N,1,42,42,1,0.00,2.5,0,0.5,0,0,0.3,3.3,2,1,0
2,2021-01-01T08:59:00.000,2021-01-01T09:04:13.000,N,1,74,75,1,1.44,6.5,0,0.5,1.46,0,0.3,8.76,1,1,0
2,2021-01-01T08:10:47.000,2021-01-01T08:23:07.000,N,1,244,151,1,3.23,13,0,0.5,2.76,0,0.3,16.56,1,1,0
2,2021-01-01T08:38:14.000,2021-01-01T08:46:07.000,N,1,42,41,1,1.87,8.5,0,0.5,0,0,0.3,9.3,2,1,0
2,2021-01-01T08:48:27.000,2021-01-01T08:55:10.000,N,1,41,74,1,1.43,7,0,0.5,0,0,0.3,7.8,1,1,0
2,2021-01-01T08:08:33.000,2021-01-01T08:15:06.000,N,1,41,74,1,1.27,7,0,0.5,0,0,0.3,7.8,2,1,0
2,2021-01-01T08:38:48.000,2021-01-01T08:51:44.000,N,1,42,151,1,2.64,11.5,0,0.5,0,0,0.3,12.3,2,1,0
2,2021-01-01T08:44:54.000,2021-01-01T09:15:30.000,N,1,75,259,5,14.09,40.5,0,0.5,0,0,0.3,41.3,2,1,0
2,2021-01-01T08:52:13.000,2021-01-01T09:01:55.000,N,1,95,28,1,1.99,9.5,0,0.5,0,0,0.3,10.3,1,1,0
2,2021-01-01T08:41:21.000,2021-01-01T08:49:35.000,N,1,181,188,1,2.15,9,0,0.5,0,0,0.3,9.8,2,1,0
2,2021-01-01T08:31:34.000,2021-01-01T08:33:43.000,N,1,41,42,1,0.32,3.5,0,0.5,0,0,0.3,4.3,1,1,0
2,2021-01-01T08:10:46.000,2021-01-01T08:15:31.000,N,1,130,215,1,1.37,6,0,0.5,2.04,0,0.3,8.84,1,1,0
1,2021-01-01T08:20:09.000,2021-01-01T08:34:20.000,N,1,70,82,1,2.40,11.5,0,0.5,2.45,0,0.3,14.75,1,1,0
2,2021-01-01T08:39:44.000,2021-01-01T09:32:34.000,N,1,89,46,2,27.38,76,0,0.5,2.75,0,0.3,79.55,1,1,0
1,2021-01-01T08:27:08.000,2021-01-01T08:36:31.000,N,1,95,121,1,2.50,10.5,0,0.5,0,0,0.3,11.3,2,1,0
2,2021-01-01T08:08:17.000,2021-01-01T08:19:22.000,N,1,167,147,1,1.06,8.5,0,0.5,0,0,0.3,9.3,2,1,0
2,2021-01-01T08:12:30.000,2021-01-01T08:45:29.000,N,1,197,86,1,11.69,36,0,0.5,2.75,0,0.3,39.55,1,1,0
2,2021-01-01T08:45:49.000,2021-01-01T08:53:09.000,N,1,42,152,1,1.24,7,0,0.5,0,0,0.3,7.8,2,1,0
2,2021-01-01T08:55:44.000,2021-01-01T09:04:15.000,N,1,82,260,1,1.64,8,0,0.5,0,0,0.3,8.8,2,1,0
2,2021-01-01T08:08:43.000,2021-01-01T08:22:06.000,N,1,130,130,1,3.28,13,0,0.5,0,0,0.3,13.8,2,1,0
2,2021-01-01T08:32:20.000,2021-01-01T08:38:49.000,N,1,130,122,1,1.72,7.5,0,0.5,0,0,0.3,8.3,2,1,0
2,2021-01-01T09:55:13.000,2021-01-01T10:15:54.000,N,1,82,216,1,5.84,20.5,0,0.5,0,0,0.3,21.3,2,1,0
2,2021-01-01T09:03:22.000,2021-01-01T09:10:42.000,N,1,42,41,1,1.44,8,0,0.5,0,0,0.3,8.8,2,1,0
2,2021-01-01T09:16:00.000,2021-01-01T09:23:34.000,N,1,43,163,1,2.89,10,0,0.5,2.71,0,0.3,16.26,1,1,2.75
2,2021-01-01T09:04:43.000,2021-01-01T09:10:22.000,N,1,74,42,1,1.29,6.5,0,0.5,0,0,0.3,7.3,1,1,0
2,2021-01-01T09:28:09.000,2021-01-01T09:35:16.000,N,1,74,263,1,2.42,9,0,0.5,2.51,0,0.3,15.06,1,1,2.75
2,2021-01-01T09:40:58.000,2021-01-01T09:45:11.000,N,1,75,74,1,1.51,6.5,0,0.5,1.46,0,0.3,8.76,1,1,0
2,2021-01-01T10:03:08.000,2021-01-01T10:23:46.000,N,1,74,7,1,7.83,25,0,0.5,5.71,0,0.3,34.26,1,1,2.75
2,2021-01-01T09:45:34.000,2021-01-01T10:07:08.000,N,1,41,144,1,6.67,21.5,0,0.5,5.01,0,0.3,30.06,1,1,2.75
2,2021-01-01T09:53:06.000,2021-01-01T09:54:41.000,N,1,74,75,5,0.45,3.5,0,0.5,0,0,0.3,4.3,2,1,0
2,2021-01-01T09:02:16.000,2021-01-01T09:15:11.000,N,1,74,100,1,4.56,15,0,0.5,3.71,0,0.3,22.26,1,1,2.75
2,2021-01-01T09:45:00.000,2021-01-01T09:54:14.000,N,1,244,42,1,3.35,11.5,0,0.5,3.69,0,0.3,15.99,1,1,0
2,2021-01-01T09:19:15.000,2021-01-01T09:36:15.000,N,1,52,137,1,6.93,21,0,0.5,0,0,0.3,24.55,2,1,2.75
2,2021-01-01T10:12:49.000,2021-01-01T10:22:46.000,N,1,74,163,1,3.58,12,0,0.5,3.89,0,0.3,19.44,1,1,2.75
1,2021-01-01T09:15:22.000,2021-01-01T09:29:13.000,N,1,95,56,1,2.80,11.5,0,0.5,0,0,0.3,12.3,2,1,0
2,2021-01-01T09:18:00.000,2021-01-01T09:23:57.000,N,1,42,116,1,1.01,6,0,0.5,0,0,0.3,6.8,2,1,0
2,2021-01-01T09:20:28.000,2021-01-01T09:31:27.000,N,1,74,116,1,2.48,10.5,0,0.5,0,0,0.3,11.3,2,1,0
2,2021-01-01T09:03:22.000,2021-01-01T09:17:27.000,N,1,41,244,1,3.30,13.5,0,0.5,0,0,0.3,14.3,2,1,0
2,2021-01-01T09:17:30.000,2021-01-01T09:26:55.000,N,1,205,122,1,1.76,8.5,0,0.5,0,0,0.3,9.3,2,1,0
2,2021-01-01T10:31:38.000,2021-01-01T10:49:41.000,N,1,49,211,1,3.88,16.5,0,0.5,2.75,0,0.3,20.05,1,1,0
2,2021-01-01T10:24:05.000,2021-01-01T10:27:09.000,N,1,42,42,1,0.54,4.5,0,0.5,0,0,0.3,5.3,2,1,0
2,2021-01-01T10:23:31.000,2021-01-01T10:28:33.000,N,5,116,247,1,1.21,10,0,0,3.09,0,0.3,13.39,1,2,0
2,2021-01-01T10:44:14.000,2021-01-01T10:45:07.000,N,1,116,116,1,0.13,3,0,0.5,0,0,0.3,3.8,2,1,0
2,2021-01-01T10:19:42.000,2021-01-01T10:24:06.000,N,1,74,74,1,1.04,5.5,0,0.5,1.58,0,0.3,7.88,1,1,0
2,2021-01-01T10:43:23.000,2021-01-01T11:05:25.000,N,2,75,132,1,18.46,52,0,0.5,14.73,6.12,0.3,73.65,1,1,0
2,2021-01-01T10:04:04.000,2021-01-01T10:10:35.000,N,1,43,141,1,1.76,7.5,0,0.5,2,0,0.3,13.05,1,1,2.75
2,2021-01-01T10:04:58.000,2021-01-01T10:09:20.000,N,1,41,166,1,0.71,5,0,0.5,1.16,0,0.3,6.96,1,1,0
2,2021-01-01T10:33:33.000,2021-01-01T10:47:42.000,N,1,75,69,5,4.22,15,0,0.5,0,0,0.3,15.8,1,1,0
2,2021-01-01T10:20:34.000,2021-01-01T10:25:51.000,N,1,41,24,1,0.93,6,0,0.5,0,0,0.3,6.8,2,1,0
2,2021-01-01T10:21:43.000,2021-01-01T10:28:34.000,N,1,193,179,1,1.67,7.5,0,0.5,0,0,0.3,8.3,2,1,0
2,2021-01-01T10:11:21.000,2021-01-01T10:16:36.000,N,1,42,41,1,0.76,5.5,0,0.5,0,0,0.3,6.3,2,1,0
2,2021-01-01T10:20:26.000,2021-01-01T10:37:11.000,N,1,41,4,1,6.07,20,0,0.5,4,0,0.3,27.55,1,1,2.75
2,2021-01-01T10:56:24.000,2021-01-01T10:59:57.000,N,1,97,49,1,0.77,-4.5,0,-0.5,0,0,-0.3,-5.3,3,1,0
2,2021-01-01T10:56:24.000,2021-01-01T10:59:57.000,N,1,97,49,1,0.77,4.5,0,0.5,0,0,0.3,5.3,2,1,0
2,2021-01-01T10:06:41.000,2021-01-01T10:38:30.000,N,1,76,169,1,22.66,61,0,0.5,2.75,6.12,0.3,70.67,1,1,0
1,2021-01-01T10:19:16.000,2021-01-01T10:34:48.000,Y,1,74,212,1,5.90,19.5,0,0.5,4.05,0,0.3,24.35,1,1,0
1,2021-01-01T10:20:13.000,2021-01-01T10:46:45.000,N,1,243,65,1,0.00,38.2,0,0.5,0,0,0.3,39,1,1,0
2,2021-01-01T10:38:10.000,2021-01-01T10:44:36.000,N,1,33,97,1,1.50,7,0,0.5,0,0,0.3,7.8,2,1,0
2,2021-01-01T10:31:43.000,2021-01-01T10:49:42.000,N,1,42,259,1,8.88,27,0,0.5,0,0,0.3,27.8,1,1,0
2,2021-01-01T10:11:31.000,2021-01-01T10:23:31.000,N,1,116,238,1,2.87,12,0,0.5,0,0,0.3,15.55,2,1,2.75
2,2021-01-01T10:30:27.000,2021-01-01T11:12:43.000,N,1,213,22,2,29.22,78,0,0.5,2.75,6.12,0.3,87.67,1,1,0
2,2021-01-01T10:35:30.000,2021-01-01T10:46:42.000,N,1,41,163,1,3.60,12.5,0,0.5,0,0,0.3,16.05,2,1,2.75
2,2021-01-01T10:12:10.000,2021-01-01T10:22:20.000,N,1,74,116,1,2.26,10,0,0.5,0,0,0.3,10.8,2,1,0
2,2021-01-01T10:02:57.000,2021-01-01T10:24:11.000,N,1,74,43,1,2.68,14.5,0,0.5,0,0,0.3,15.3,2,1,0
2,2021-01-01T10:03:45.000,2021-01-01T10:10:10.000,N,1,75,194,6,2.72,9,0,0.5,0,6.12,0.3,15.92,2,1,0
2,2021-01-01T10:44:04.000,2021-01-01T11:00:00.000,N,1,42,163,1,6.34,20,0,0.5,0,0,0.3,23.55,2,1,2.75
2,2021-01-01T10:37:51.000,2021-01-01T10:38:05.000,N,1,82,82,1,0.03,2.5,0,0.5,0,0,0.3,3.3,2,1,0
2,2021-01-01T10:01:35.000,2021-01-01T10:05:23.000,N,1,122,191,1,1.08,5.5,0,0.5,0,0,0.3,6.3,2,1,0
2,2021-01-01T10:32:27.000,2021-01-01T10:40:02.000,N,1,122,191,1,1.57,7.5,0,0.5,0,0,0.3,8.3,2,1,0
2,2021-01-01T10:32:35.000,2021-01-01T10:32:57.000,N,1,74,74,1,0.08,2.5,0,0.5,0,0,0.3,3.3,2,1,0
1,2021-01-01T10:43:19.000,2021-01-01T10:46:31.000,N,1,74,74,1,0.50,4.5,0,0.5,0,0,0.3,5.3,1,1,0
1,2021-01-01T11:56:17.000,2021-01-01T11:58:47.000,N,1,74,75,1,0.80,4.5,0,0.5,1.2,0,0.3,6.5,1,1,0
2,2021-01-01T11:39:13.000,2021-01-01T11:48:10.000,N,1,20,169,2,1.67,8,0,0.5,0,0,0.3,8.8,2,1,0
2,2021-01-01T11:19:12.000,2021-01-01T11:26:53.000,N,1,74,42,1,1.58,8,0,0.5,0,0,0.3,8.8,2,1,0
2,2021-01-01T11:38:07.000,2021-01-01T11:44:02.000,N,1,42,74,1,1.42,7,0,0.5,1.56,0,0.3,9.36,1,1,0
2,2021-01-01T11:51:27.000,2021-01-01T11:58:33.000,N,1,33,33,1,1.27,6.5,0,0.5,0.01,0,0.3,7.31,1,1,0
2,2021-01-01T11:58:12.000,2021-01-01T12:04:07.000,N,1,166,41,1,1.15,6.5,0,0.5,1.46,0,0.3,8.76,1,1,0
2,2021-01-01T11:49:16.000,2021-01-01T12:04:01.000,N,1,116,47,1,3.02,13,0,0.5,0,0,0.3,13.8,2,1,0
1,2021-01-01T11:31:56.000,2021-01-01T11:42:34.000,N,1,74,24,1,1.90,9.5,0,0.5,2.05,0,0.3,12.35,1,1,0
2,2021-01-01T11:36:39.000,2021-01-01T11:42:01.000,N,1,75,41,2,1.22,6,0,0.5,1.36,0,0.3,8.16,1,1,0
2,2021-01-01T11:59:20.000,2021-01-01T12:29:23.000,N,1,95,237,1,9.79,32,0,0.5,7.11,0,0.3,42.66,1,1,2.75
2,2021-01-01T11:13:46.000,2021-01-01T11:17:44.000,N,1,41,24,1,0.60,4.5,0,0.5,0,0,0.3,5.3,2,1,0
2,2021-01-01T11:40:11.000,2021-01-01T11:45:16.000,N,1,74,41,2,0.86,5.5,0,0.5,0,0,0.3,6.3,2,1,0
2,2021-01-01T11:11:53.000,2021-01-01T11:20:49.000,N,1,65,66,1,1.54,8.5,0,0.5,2.32,0,0.3,11.62,1,1,0
2,2021-01-01T11:30:26.000,2021-01-01T11:38:24.000,N,1,65,52,1,1.32,7.5,0,0.5,2.49,0,0.3,10.79,1,1,0
2,2021-01-01T11:07:06.000,2021-01-01T11:18:12.000,N,1,74,240,1,7.06,20.5,0,0.5,0,0,0.3,21.3,2,1,0
2,2021-01-01T11:40:31.000,2021-01-01T11:49:55.000,N,5,133,97,1,6.62,21.51,0,0,2.75,0,0.3,24.56,1,1,0
2,2021-01-01T11:10:14.000,2021-01-01T11:25:12.000,N,1,7,263,1,4.67,16,0,0.5,3.91,0,0.3,23.46,1,1,2.75
2,2021-01-01T11:06:55.000,2021-01-01T11:45:24.000,N,1,169,76,1,23.34,63.5,0,0.5,2.75,6.12,0.3,73.17,1,1,0
2,2021-01-01T11:39:05.000,2021-01-01T11:41:38.000,N,1,41,41,1,0.47,4,0,0.5,0,0,0.3,4.8,2,1,0
2,2021-01-01T11:47:50.000,2021-01-01T11:58:33.000,N,5,130,138,1,6.98,21,0,0.5,4.36,0,0.3,26.16,1,1,0
2,2021-01-01T11:40:57.000,2021-01-01T12:25:23.000,N,1,22,265,2,31.27,81.5,0,0.5,2.75,0,0.3,85.05,1,1,0
1,2021-01-01T11:41:08.000,2021-01-01T11:54:03.000,N,1,95,132,1,7.80,23,0,0.5,0,0,0.3,23.8,2,1,0
2,2021-01-01T11:19:05.000,2021-01-01T11:21:30.000,N,1,74,74,1,0.62,4,0,0.5,1,0,0.3,5.8,1,1,0
2,2021-01-01T11:44:20.000,2021-01-01T11:46:41.000,N,1,74,75,1,0.78,4.5,0,0.5,0,0,0.3,5.3,2,1,0
2,2021-01-01T11:52:09.000,2021-01-01T11:52:18.000,N,5,18,18,1,0.00,13,0,0,0,0,0.3,13.3,1,2,0
2,2021-01-01T11:51:53.000,2021-01-01T12:36:14.000,N,1,97,86,1,23.23,63.5,0,0.5,2.75,0,0.3,67.05,1,1,0
2,2021-01-01T11:15:29.000,2021-01-01T11:20:37.000,N,1,168,42,1,0.86,5.5,0,0.5,0,0,0.3,6.3,2,1,0
2,2021-01-01T11:28:03.000,2021-01-01T11:37:36.000,N,1,42,75,1,2.48,10.5,0,0.5,2.26,0,0.3,13.56,1,1,0
2,2021-01-01T11:32:38.000,2021-01-01T11:39:03.000,N,1,189,97,2,1.35,6.5,0,0.5,0,0,0.3,7.3,2,1,0
2,2021-01-01T11:54:45.000,2021-01-01T11:55:14.000,N,1,69,69,1,0.10,-2.5,0,-0.5,0,0,-0.3,-3.3,3,1,0
2,2021-01-01T11:54:45.000,2021-01-01T11:55:14.000,N,1,69,69,1,0.10,2.5,0,0.5,0,0,0.3,3.3,2,1,0
2,2021-01-01T11:58:20.000,2021-01-01T12:05:18.000,N,1,74,168,1,1.72,8,0,0.5,0,0,0.3,8.8,2,1,0
2,2021-01-01T11:41:32.000,2021-01-01T11:48:43.000,N,1,82,129,1,2.36,9,0,0.5,0,0,0.3,9.8,2,1,0
2,2021-01-01T11:50:15.000,2021-01-01T12:08:42.000,N,1,244,138,1,9.97,29,0,0.5,0,6.12,0.3,35.92,2,1,0
1,2021-01-01T11:14:24.000,2021-01-01T11:22:03.000,N,1,74,263,1,0.00,14.2,0,0.5,0,0,0.3,15,1,1,0
1,2021-01-01T11:11:22.000,2021-01-01T11:18:31.000,N,1,75,237,1,0.00,11.2,0,0.5,0,0,0.3,12,1,1,0
1,2021-01-01T12:05:21.000,2021-01-01T12:10:52.000,N,1,74,42,1,1.30,6.5,0,0.5,0,0,0.3,7.3,2,1,0
2,2021-01-01T12:26:01.000,2021-01-01T12:33:19.000,N,1,129,138,1,3.75,12.5,0,0.5,0.1,0,0.3,13.4,1,1,0
2,2021-01-01T12:15:10.000,2021-01-01T12:15:19.000,N,1,42,42,1,0.05,2.5,0,0.5,0,0,0.3,3.3,2,1,0
2,2021-01-01T12:19:48.000,2021-01-01T12:19:50.000,N,5,264,264,1,0.00,7,0,0,0,0,0.3,7.3,1,2,0
2,2021-01-01T12:47:21.000,2021-01-01T13:01:25.000,N,1,247,138,1,8.33,24,0,0.5,0,6.12,0.3,30.92,2,1,0
2,2021-01-01T12:58:40.000,2021-01-01T12:59:25.000,N,1,42,42,1,0.20,3,0,0.5,0,0,0.3,3.8,2,1,0
2,2021-01-01T12:30:44.000,2021-01-01T13:00:21.000,N,1,254,132,1,22.52,59.5,0,0.5,2.75,6.12,0.3,69.17,1,1,0
2,2021-01-01T12:44:07.000,2021-01-01T12:51:45.000,N,1,97,189,1,1.28,7.5,0,0.5,1.66,0,0.3,9.96,1,1,0
2,2021-01-01T12:27:18.000,2021-01-01T12:29:10.000,N,5,195,106,1,0.49,20,0,0,0,0,0.3,20.3,1,2,0
2,2021-01-01T12:05:05.000,2021-01-01T12:29:24.000,N,1,75,74,1,4.95,20,0,0.5,0,0,0.3,23.55,2,1,2.75
2,2021-01-01T12:08:06.000,2021-01-01T12:21:10.000,N,1,95,95,2,1.88,10,0,0.5,0,0,0.3,10.8,2,1,0
2,2021-01-01T12:15:47.000,2021-01-01T12:23:19.000,N,1,7,179,2,1.10,7,0,0.5,0,0,0.3,7.8,2,1,0
2,2021-01-01T12:33:15.000,2021-01-01T12:41:15.000,N,1,7,146,1,1.58,7.5,0,0.5,0,0,0.3,8.3,2,1,0
2,2021-01-01T12:46:25.000,2021-01-01T13:00:23.000,N,1,7,262,1,4.10,14,0,0.5,4.39,0,0.3,21.94,1,1,2.75
2,2021-01-01T12:13:24.000,2021-01-01T12:14:12.000,N,1,7,179,1,0.07,2.5,0,0.5,0,0,0.3,3.3,2,1,0
1,2021-01-01T12:14:26.000,2021-01-01T12:18:50.000,N,1,85,89,0,0.80,5,0,0.5,0,0,0.3,5.8,1,1,0
1,2021-01-01T12:20:18.000,2021-01-01T12:26:37.000,N,1,74,75,1,1.80,7.5,0,0.5,1.66,0,0.3,9.96,1,1,0
2,2021-01-01T12:56:24.000,2021-01-01T13:09:15.000,N,1,33,140,1,7.96,22.5,0,0.5,6.51,0,0.3,32.56,1,1,2.75
2,2021-01-01T12:26:15.000,2021-01-01T12:33:45.000,N,1,43,237,1,2.01,8.5,0,0.5,1.2,0,0.3,13.25,1,1,2.75
2,2021-01-01T12:55:42.000,2021-01-01T13:35:57.000,N,1,265,108,2,30.88,81,0,0.5,2.75,6.12,0.3,90.67,1,1,0
2,2021-01-01T12:31:46.000,2021-01-01T12:35:59.000,N,1,43,236,1,1.14,5.5,0,0.5,1.81,0,0.3,10.86,1,1,2.75
2,2021-01-01T12:55:20.000,2021-01-01T13:32:31.000,N,1,115,44,1,17.45,51,0,0.5,2.75,0,0.3,54.55,1,1,0
2,2021-01-01T12:33:57.000,2021-01-01T12:50:27.000,N,1,244,41,1,2.65,13,0,0.5,3.45,0,0.3,17.25,1,1,0
2,2021-01-01T12:44:32.000,2021-01-01T12:50:44.000,N,1,7,179,1,1.24,6.5,0,0.5,0,0,0.3,7.3,2,1,0
2,2021-01-01T13:21:31.000,2021-01-01T13:30:59.000,N,1,130,132,5,5.75,17,0,0.5,0,0,0.3,17.8,2,1,0
2,2021-01-01T13:14:45.000,2021-01-01T13:24:31.000,N,1,33,195,1,1.48,8,0,0.5,0,0,0.3,8.8,2,1,0
2,2021-01-01T13:45:52.000,2021-01-01T13:54:19.000,N,1,42,75,1,2.09,9,0,0.5,0,0,0.3,9.8,1,1,0
1,2021-01-01T13:19:43.000,2021-01-01T13:28:58.000,N,1,41,159,1,2.20,10,0,0.5,2.15,0,0.3,12.95,1,1,0
2,2021-01-01T13:09:17.000,2021-01-01T13:17:43.000,N,1,42,41,1,1.66,8,0,0.5,0,0,0.3,8.8,2,1,0
2,2021-01-01T13:21:41.000,2021-01-01T13:26:53.000,N,1,41,74,1,0.94,5.5,0,0.5,0,0,0.3,6.3,2,1,0
2,2021-01-01T13:37:07.000,2021-01-01T13:40:50.000,N,1,41,151,1,0.72,5,0,0.5,0,0,0.3,5.8,2,1,0
2,2021-01-01T13:29:03.000,2021-01-01T13:41:07.000,N,1,74,239,1,4.38,15,0,0.5,6,0,0.3,24.55,1,1,2.75
2,2021-01-01T14:00:49.000,2021-01-01T14:13:56.000,N,1,74,238,1,2.75,11.5,0,0.5,3.01,0,0.3,18.06,1,1,2.75
2,2021-01-01T13:20:05.000,2021-01-01T13:24:47.000,N,1,43,236,1,1.38,6.5,0,0.5,2.5,0,0.3,12.55,1,1,2.75
2,2021-01-01T13:54:10.000,2021-01-01T13:57:29.000,N,1,75,74,4,1.15,5.5,0,0.5,0,0,0.3,6.3,2,1,0
2,2021-01-01T13:36:59.000,2021-01-01T14:10:41.000,N,1,196,238,1,0.00,19,0,0.5,0,0,0.3,22.55,2,1,2.75
2,2021-01-01T13:09:57.000,2021-01-01T13:17:30.000,N,1,130,10,1,1.62,7.5,0,0.5,1.66,0,0.3,9.96,1,1,0
2,2021-01-01T14:04:29.000,2021-01-01T14:10:42.000,N,1,41,151,1,1.16,6.5,0,0.5,0,0,0.3,7.3,2,1,0
2,2021-01-01T13:48:45.000,2021-01-01T14:29:40.000,N,1,247,227,1,19.09,54.5,0,0.5,2.75,0,0.3,58.05,1,1,0
2,2021-01-01T13:25:43.000,2021-01-01T13:32:06.000,N,5,74,236,3,2.12,10.7,0,0,0,0,0.3,13.75,2,2,2.75
2,2021-01-01T13:16:12.000,2021-01-01T13:23:52.000,N,1,132,132,1,0.00,6,0,0.5,0,0,0.3,6.8,2,1,0
2,2021-01-01T13:28:11.000,2021-01-01T13:54:47.000,N,1,132,213,1,18.33,49,0,0.5,2.75,6.12,0.3,58.67,1,1,0
1,2021-01-01T13:56:35.000,2021-01-01T14:08:40.000,N,1,244,20,1,3.50,12.5,0.5,0.5,0,0,0.3,13.8,2,1,0
2,2021-01-01T13:09:25.000,2021-01-01T13:19:32.000,N,1,65,12,1,2.76,10.5,0,0.5,0,0,0.3,14.05,2,1,2.75
2,2021-01-01T13:29:05.000,2021-01-01T13:34:32.000,N,1,95,95,1,1.11,5.5,0,0.5,0,0,0.3,6.3,2,1,0
1,2021-01-01T13:16:26.000,2021-01-01T13:26:30.000,N,1,75,137,1,4.70,14.5,2.75,0.5,0,0,0.3,18.05,2,1,2.75
1,2021-01-01T13:03:14.000,2021-01-01T13:13:09.000,N,1,85,190,0,1.40,8.5,0,0.5,0,0,0.3,9.3,2,1,0
1,2021-01-01T13:29:28.000,2021-01-01T13:34:46.000,N,1,74,42,1,1.20,6,0,0.5,0,0,0.3,6.8,2,1,0
1,2021-01-01T13:57:46.000,2021-01-01T14:03:20.000,N,1,152,41,1,0.90,6,0,0.5,0,0,0.3,6.8,1,1,0
2,2021-01-01T13:07:30.000,2021-01-01T13:13:39.000,N,1,41,74,5,0.97,6.5,0,0.5,0,0,0.3,7.3,2,1,0
2,2021-01-01T13:17:33.000,2021-01-01T13:25:55.000,N,1,75,142,4,2.40,9.5,0,0.5,1.96,0,0.3,15.01,1,1,2.75
2,2021-01-01T12:43:47.000,2021-01-01T12:50:32.000,N,1,41,238,1,1.41,7.5,0,0.5,0,0,0.3,11.05,2,1,2.75
2,2021-01-01T13:00:42.000,2021-01-01T13:22:53.000,N,1,41,90,1,6.64,23.5,0,0.5,0,0,0.3,27.05,1,1,2.75
1,2021-01-01T13:11:26.000,2021-01-01T13:22:31.000,N,1,133,89,1,1.30,9,0,0.5,0,0,0.3,9.8,2,1,0
1,2021-01-01T13:19:55.000,2021-01-01T13:28:53.000,Y,1,95,197,1,3.10,11.5,0,0.5,2,0,0.3,14.3,1,1,0
2,2021-01-01T13:44:26.000,2021-01-01T13:46:32.000,N,1,196,95,1,0.34,3.5,0,0.5,0,0,0.3,4.3,2,1,0
2,2021-01-01T13:33:16.000,2021-01-01T13:38:01.000,N,1,42,168,1,1.57,7,0,0.5,0,0,0.3,7.8,2,1,0
2,2021-01-01T13:48:50.000,2021-01-01T13:56:32.000,N,1,97,52,1,1.49,7.5,0,0.5,2.49,0,0.3,10.79,1,1,0
2,2021-01-01T13:56:58.000,2021-01-01T14:06:47.000,N,1,74,166,1,2.02,9.5,0,0.5,2,0,0.3,12.3,1,1,0
1,2021-01-01T13:26:40.000,2021-01-01T13:40:23.000,N,1,75,143,1,2.80,12,3.75,0.5,10,0,0.3,26.55,1,1,2.75
2,2021-01-01T13:30:12.000,2021-01-01T13:45:36.000,N,1,74,248,1,5.39,18,0,0.5,0,0,0.3,18.8,2,1,0
1,2021-01-01T13:22:13.000,2021-01-01T13:32:16.000,N,1,75,143,1,2.30,9.5,2.75,0.5,2.6,0,0.3,15.65,1,1,2.75
2,2021-01-01T14:04:18.000,2021-01-01T14:52:17.000,N,1,44,115,1,17.44,55.5,0,0.5,2.75,0,0.3,59.05,1,1,0
2,2021-01-01T13:11:36.000,2021-01-01T13:25:37.000,N,1,56,10,1,7.12,21,0,0.5,0,0,0.3,21.8,2,1,0
2,2021-01-01T13:06:52.000,2021-01-01T13:12:41.000,N,1,41,238,1,1.64,7,0,0.5,0,0,0.3,10.55,2,1,2.75
2,2021-01-01T13:42:55.000,2021-01-01T13:51:45.000,N,1,82,82,1,1.15,7.5,0,0.5,0,0,0.3,8.3,2,1,0
2,2021-01-01T13:40:03.000,2021-01-01T13:47:18.000,N,1,42,41,1,1.35,7.5,0,0.5,0,0,0.3,8.3,2,1,0
2,2021-01-01T13:28:30.000,2021-01-01T13:58:26.000,N,1,41,265,1,15.80,45,0,0.5,0,0,0.3,45.8,2,1,0
2,2021-01-01T13:14:19.000,2021-01-01T13:18:50.000,N,1,167,159,1,1.13,6,0,0.5,0,0,0.3,6.8,1,1,0
2,2021-01-01T14:09:00.000,2021-01-01T14:16:27.000,N,1,60,126,1,1.89,8,0,0.5,5,0,0.3,13.8,1,1,0
1,2021-01-01T14:57:43.000,2021-01-01T15:35:19.000,Y,1,210,233,1,0.00,49.2,0,0.5,0,0,0.3,50,1,1,0
2,2021-01-01T14:19:49.000,2021-01-01T14:22:47.000,N,1,33,33,1,0.64,4,0,0.5,0,0,0.3,4.8,2,1,0
2,2021-01-01T14:55:51.000,2021-01-01T15:03:26.000,N,1,33,97,1,1.29,7,0,0.5,0.78,0,0.3,8.58,1,1,0
2,2021-01-01T14:28:43.000,2021-01-01T14:44:24.000,N,1,41,47,1,3.51,14.5,0,0.5,0,0,0.3,15.3,2,1,0
2,2021-01-01T14:12:21.000,2021-01-01T14:14:47.000,N,1,43,236,1,0.73,4.5,0,0.5,2.01,0,0.3,10.06,1,1,2.75
2,2021-01-01T14:20:54.000,2021-01-01T14:30:27.000,N,1,41,42,1,1.98,9.5,0,0.5,0,0,0.3,10.3,2,1,0
2,2021-01-01T14:37:25.000,2021-01-01T14:39:27.000,N,1,42,42,1,0.48,3.5,0,0.5,0,0,0.3,4.3,2,1,0
2,2021-01-01T14:59:56.000,2021-01-01T15:00:10.000,N,1,42,42,1,0.00,2.5,0,0.5,0,0,0.3,3.3,2,1,0
2,2021-01-01T14:13:07.000,2021-01-01T14:22:42.000,N,1,41,151,1,1.30,8.5,0,0.5,1.86,0,0.3,11.16,1,1,0
1,2021-01-01T14:32:40.000,2021-01-01T14:39:34.000,N,1,74,236,1,1.80,7.5,2.75,0.5,0,0,0.3,11.05,2,1,2.75
1,2021-01-01T14:45:15.000,2021-01-01T14:52:30.000,N,1,74,42,1,1.40,7,0,0.5,2.3,0,0.3,10.1,1,1,0
2,2021-01-01T14:03:19.000,2021-01-01T14:05:21.000,N,1,74,74,5,0.48,4,0,0.5,0,0,0.3,4.8,2,1,0
2,2021-01-01T15:03:47.000,2021-01-01T15:10:20.000,N,1,196,56,1,0.00,5.5,0,0.5,0,0,0.3,6.3,1,1,0
2,2021-01-01T14:53:22.000,2021-01-01T15:04:55.000,N,1,244,143,2,5.28,17,0,0.5,2.8,0,0.3,23.35,1,1,2.75
2,2021-01-01T14:20:50.000,2021-01-01T14:23:51.000,N,1,43,236,6,1.28,5.5,0,0.5,1.7,0,0.3,10.75,1,1,2.75
2,2021-01-01T14:48:49.000,2021-01-01T14:50:56.000,N,1,42,42,1,0.36,3.5,0,0.5,0,0,0.3,4.3,2,1,0
2,2021-01-01T15:01:37.000,2021-01-01T15:06:19.000,N,1,42,41,1,0.83,5.5,0,0.5,1.26,0,0.3,7.56,1,1,0
2,2021-01-01T14:33:47.000,2021-01-01T15:08:22.000,N,1,227,197,1,23.87,64,0,0.5,2.75,0,0.3,67.55,1,1,0
2,2021-01-01T14:57:35.000,2021-01-01T15:13:46.000,N,1,97,61,1,2.66,13,0,0.5,3.45,0,0.3,17.25,1,1,0
1,2021-01-01T14:06:54.000,2021-01-01T14:15:50.000,N,1,41,152,1,1.30,7.5,0,0.5,0,0,0.3,8.3,2,1,0
2,2021-01-01T14:24:13.000,2021-01-01T14:27:55.000,N,1,7,7,1,0.58,4.5,0,0.5,0,0,0.3,5.3,2,1,0
1,2021-01-01T14:06:24.000,2021-01-01T14:17:54.000,N,1,181,61,0,2.50,11,0,0.5,0,0,0.3,11.8,2,1,0
1,2021-01-01T14:33:49.000,2021-01-01T14:37:16.000,N,1,61,225,0,1.00,5,0,0.5,0,0,0.3,5.8,2,1,0
1,2021-01-01T14:30:12.000,2021-01-01T14:38:01.000,N,1,74,263,1,2.10,8.5,2.75,0.5,1.21,0,0.3,13.26,1,1,2.75
2,2021-01-01T14:03:20.000,2021-01-01T14:06:54.000,N,1,66,33,5,0.51,4,0,0.5,1.44,0,0.3,6.24,1,1,0
2,2021-01-01T14:52:17.000,2021-01-01T14:59:18.000,N,1,65,49,5,1.25,7,0,0.5,5,0,0.3,12.8,1,1,0
2,2021-01-01T14:13:27.000,2021-01-01T14:18:12.000,N,1,225,177,1,0.96,5.5,0,0.5,0,0,0.3,6.3,2,1,0
2,2021-01-01T13:57:45.000,2021-01-01T14:02:33.000,N,1,41,74,1,0.87,5.5,0,0.5,0,0,0.3,6.3,2,1,0
2,2021-01-01T14:09:45.000,2021-01-01T15:05:24.000,N,1,55,129,2,26.88,78.5,0,0.5,2.75,0,0.3,82.05,1,1,0
2,2021-01-01T14:30:52.000,2021-01-01T14:43:09.000,N,1,159,244,1,2.98,12.5,0,0.5,2.66,0,0.3,15.96,1,1,0
2,2021-01-01T14:35:56.000,2021-01-02T14:04:41.000,N,1,134,152,1,13.06,37.5,0,0.5,0,6.12,0.3,44.42,2,1,0
2,2021-01-01T14:15:46.000,2021-01-01T14:15:53.000,N,1,41,41,1,0.00,2.5,0,0.5,1,0,0.3,4.3,1,1,0
2,2021-01-01T14:47:48.000,2021-01-01T14:56:04.000,N,1,74,166,1,1.95,8,0,0.5,0,0,0.3,8.8,2,1,0
2,2021-01-01T14:26:18.000,2021-01-01T14:31:32.000,N,1,74,43,1,1.18,6,0,0.5,1.36,0,0.3,8.16,1,1,0
2,2021-01-01T14:21:39.000,2021-01-01T14:27:15.000,N,1,82,260,1,1.27,6.5,0,0.5,2.19,0,0.3,9.49,1,1,0
2,2021-01-01T14:52:09.000,2021-01-01T15:14:23.000,N,1,7,143,1,5.00,19,0,0.5,0,0,0.3,22.55,2,1,2.75
2,2021-01-01T14:15:34.000,2021-01-01T14:36:56.000,N,1,24,235,1,6.08,21.5,0,0.5,2.75,0,0.3,25.05,1,1,0
2,2021-01-01T14:05:53.000,2021-01-01T14:10:15.000,N,1,41,74,1,0.91,5.5,0,0.5,2,0,0.3,8.3,1,1,0
2,2021-01-01T14:56:04.000,2021-01-01T15:04:05.000,N,1,74,263,1,2.40,9,0,0.5,2.51,0,0.3,15.06,1,1,2.75
1,2021-01-01T14:07:16.000,2021-01-01T14:23:39.000,N,1,213,42,1,0.00,24.2,0,0.5,0,0,0.3,25,1,1,0
1,2021-01-01T14:32:35.000,2021-01-01T14:33:15.000,N,5,41,41,1,0.00,0,0,0,0,0,0,0,3,2,0
1,2021-01-01T14:34:00.000,2021-01-01T14:34:22.000,N,5,41,41,1,0.00,0,0,0,0,0,0,0,3,2,0
1,2021-01-01T14:34:57.000,2021-01-01T14:35:18.000,N,5,41,41,1,0.00,10,0,0,2,0,0,12,1,2,0
1,2021-01-01T15:27:22.000,2021-01-01T15:38:43.000,N,1,74,152,1,1.70,9,0,0.5,2.45,0,0.3,12.25,1,1,0
2,2021-01-01T15:23:48.000,2021-01-01T15:31:41.000,N,1,43,239,1,2.24,9,0,0.5,0,0,0.3,12.55,2,1,2.75
2,2021-01-01T15:23:40.000,2021-01-01T15:48:31.000,N,1,134,223,5,10.19,30,0,0.5,0,0,0.3,30.8,2,1,0
2,2021-01-01T15:01:48.000,2021-01-01T15:30:12.000,N,4,157,265,1,16.83,49.5,0,0.5,0,6.12,0.3,58.37,1,1,0
1,2021-01-01T15:23:23.000,2021-01-01T15:31:52.000,N,1,74,151,1,1.80,8,0,0.5,0,0,0.3,8.8,2,1,0
2,2021-01-01T15:18:45.000,2021-01-01T15:23:05.000,N,1,43,237,1,1.50,6,0,0.5,2.86,0,0.3,12.41,1,1,2.75
2,2021-01-01T15:38:41.000,2021-01-01T15:44:10.000,N,1,75,166,1,1.30,6.5,0,0.5,1.82,0,0.3,9.12,1,1,0
2,2021-01-01T15:53:40.000,2021-01-01T16:01:04.000,N,1,97,97,1,1.18,7,0,0.5,0,0,0.3,7.8,2,1,0
2,2021-01-01T15:46:21.000,2021-01-01T15:52:02.000,N,1,152,41,3,0.97,6,0,0.5,0,0,0.3,6.8,2,1,0
2,2021-01-01T15:38:50.000,2021-01-01T15:43:42.000,N,1,42,42,1,0.69,5.5,0,0.5,0,0,0.3,6.3,2,1,0
2,2021-01-01T15:48:30.000,2021-01-01T15:53:18.000,N,1,42,42,1,0.86,5.5,0,0.5,0,0,0.3,6.3,2,1,0
2,2021-01-01T16:00:20.000,2021-01-01T16:04:20.000,N,1,41,151,1,0.73,5,0,0.5,0,0,0.3,5.8,2,1,0
2,2021-01-01T15:20:28.000,2021-01-01T15:26:31.000,N,1,41,75,1,0.82,6,0,0.5,0,0,0.3,6.8,2,1,0
2,2021-01-01T15:04:33.000,2021-01-01T19:49:52.000,N,1,55,55,1,38.77,195,0,0.5,4.2,0,0.3,200,1,1,0
1,2021-01-01T15:23:33.000,2021-01-01T15:31:43.000,N,1,74,236,3,2.30,9,2.75,0.5,2.5,0,0.3,15.05,1,1,2.75
2,2021-01-01T15:18:06.000,2021-01-01T15:38:36.000,N,1,75,87,5,8.77,27,0,0.5,0,0,0.3,30.55,2,1,2.75
1,2021-01-01T15:33:54.000,2021-01-01T15:42:42.000,N,1,74,244,1,3.80,13,0,0.5,2.75,0,0.3,16.55,1,1,0
2,2021-01-01T15:57:26.000,2021-01-01T16:06:16.000,N,1,244,120,5,1.32,8,0,0.5,0,0,0.3,8.8,2,1,0
2,2021-01-01T15:52:37.000,2021-01-01T15:53:35.000,N,1,74,74,1,0.29,-3,0,-0.5,0,0,-0.3,-3.8,3,1,0
2,2021-01-01T15:52:37.000,2021-01-01T15:53:35.000,N,1,74,74,1,0.29,3,0,0.5,0,0,0.3,3.8,2,1,0
2,2021-01-01T15:14:58.000,2021-01-01T15:50:09.000,N,1,197,74,1,15.21,44.5,0,0.5,2.75,0,0.3,48.05,1,1,0
2,2021-01-01T15:56:47.000,2021-01-01T16:27:01.000,N,1,74,227,1,16.11,44.5,0,0.5,2.75,0,0.3,48.05,1,1,0
2,2021-01-01T15:34:42.000,2021-01-01T15:40:20.000,N,1,97,189,1,0.95,6,0,0.5,1.36,0,0.3,8.16,1,1,0
2,2021-01-01T15:51:53.000,2021-01-01T16:20:24.000,N,1,97,225,1,4.63,20.5,0,0.5,0,0,0.3,21.3,2,1,0
2,2021-01-01T15:37:30.000,2021-01-01T15:37:33.000,N,5,225,264,2,0.13,35,0,0,2,0,0.3,37.3,1,2,0
2,2021-01-01T15:48:07.000,2021-01-01T16:22:50.000,N,5,196,43,1,9.12,40,0,0,0,0,0.3,43.05,2,2,2.75
2,2021-01-01T15:05:32.000,2021-01-01T15:10:54.000,N,1,42,152,1,1.11,6,0,0.5,0,0,0.3,6.8,2,1,0
2,2021-01-01T15:13:55.000,2021-01-01T15:22:32.000,N,1,181,189,1,1.31,7.5,0,0.5,2.08,0,0.3,10.38,1,1,0
2,2021-01-01T15:20:13.000,2021-01-01T15:42:55.000,N,1,166,220,1,0.00,13.5,0,0.5,0,0,0.3,14.3,2,1,0
2,2021-01-01T15:21:39.000,2021-01-01T15:28:08.000,N,1,74,236,1,1.68,7,0,0.5,0,0,0.3,10.55,2,1,2.75
2,2021-01-01T15:42:00.000,2021-01-01T15:44:32.000,N,1,244,116,1,0.69,4.5,0,0.5,0,0,0.3,5.3,2,1,0
2,2021-01-01T15:17:58.000,2021-01-01T15:22:57.000,N,1,92,93,1,0.83,5.5,0,0.5,0,0,0.3,6.3,2,1,0
2,2021-01-01T15:46:21.000,2021-01-01T16:25:28.000,N,1,130,61,1,7.15,28.5,0,0.5,0,0,0.3,29.3,1,1,0
1,2021-01-01T15:50:35.000,2021-01-01T16:19:17.000,N,1,181,239,0,8.40,28.5,2.75,0.5,6.4,0,0.3,38.45,1,1,2.75
1,2021-01-01T15:24:47.000,2021-01-01T15:42:18.000,N,1,74,244,1,3.60,15,0,0.5,0,0,0.3,15.8,2,1,0
2,2021-01-01T15:29:23.000,2021-01-01T15:29:24.000,N,5,264,264,1,0.00,8,0,0,0.08,0,0.3,8.38,1,2,0
2,2021-01-01T15:28:08.000,2021-01-01T15:38:42.000,N,1,41,166,1,1.59,9,0,0.5,1.47,0,0.3,11.27,1,1,0
2,2021-01-01T15:25:22.000,2021-01-01T15:46:18.000,N,1,42,246,1,6.82,23,0,0.5,0,0,0.3,26.55,1,1,2.75
2,2021-01-01T15:39:28.000,2021-01-01T16:11:56.000,N,1,130,182,1,15.32,45,0,0.5,2.75,6.12,0.3,54.67,1,1,0
2,2021-01-01T15:18:50.000,2021-01-01T15:34:35.000,N,1,17,66,1,3.43,13.5,0,0.5,0,0,0.3,14.3,2,1,0
2,2021-01-01T15:09:48.000,2021-01-01T15:11:09.000,N,5,247,247,2,0.20,25,0,0,0,0,0.3,25.3,1,2,0
2,2021-01-01T15:26:15.000,2021-01-01T15:34:24.000,N,1,74,42,1,1.57,8,0,0.5,1.76,0,0.3,10.56,1,1,0
2,2021-01-01T15:28:00.000,2021-01-01T15:50:30.000,N,1,129,213,2,10.05,30,0,0.5,2.75,6.12,0.3,39.67,1,1,0
2,2021-01-01T16:00:51.000,2021-01-01T16:50:45.000,N,1,213,89,2,22.35,63,0,0.5,2.75,0,0.3,66.55,1,1,0
1,2021-01-01T15:17:09.000,2021-01-01T15:17:09.000,Y,99,145,264,1,0.00,0,0,0,0,0,0,0,2,1,0
2,2021-01-01T15:01:29.000,2021-01-01T15:04:03.000,N,1,41,41,1,0.40,4,0,0.5,0,0,0.3,4.8,2,1,0
2,2021-01-01T15:21:00.000,2021-01-01T15:27:40.000,N,1,74,74,1,1.13,6.5,0,0.5,1.46,0,0.3,8.76,1,1,0
2,2021-01-01T15:37:26.000,2021-01-01T15:47:53.000,N,1,74,42,1,1.83,9.5,0,0.5,1.08,0,0.3,11.38,1,1,0
2,2021-01-01T15:09:34.000,2021-01-01T15:15:57.000,N,1,119,116,1,1.59,7,0,0.5,0,0,0.3,7.8,1,1,0
2,2021-01-01T15:47:42.000,2021-01-01T16:08:19.000,N,1,95,256,1,9.61,29,0,0.5,0,0,0.3,29.8,2,1,0
2,2021-01-01T15:07:10.000,2021-01-01T15:17:34.000,N,1,74,116,1,2.15,9.5,0,0.5,0,0,0.3,10.3,2,1,0
2,2021-01-01T15:36:16.000,2021-01-01T17:13:30.000,N,1,136,72,1,24.79,90,0,0.5,2.75,6.12,0.3,99.67,1,1,0
2,2021-01-01T15:35:42.000,2021-01-01T15:47:49.000,N,1,42,43,1,2.68,11.5,0,0.5,0,0,0.3,12.3,2,1,0
1,2021-01-01T15:20:16.000,2021-01-01T15:25:35.000,N,1,41,42,1,1.30,6.5,0,0.5,2,0,0.3,9.3,1,1,0
1,2021-01-01T15:39:24.000,2021-01-01T15:46:10.000,N,1,41,238,3,1.30,7,1,0.5,0,0,0.3,8.8,1,1,0
2,2021-01-01T14:58:29.000,2021-01-01T15:12:33.000,N,1,7,226,1,2.22,10.5,0,0.5,2.26,0,0.3,13.56,1,1,0
2,2021-01-01T15:20:20.000,2021-01-01T15:25:10.000,N,1,134,28,1,1.11,5.5,0,0.5,1.58,0,0.3,7.88,1,1,0
2,2021-01-01T15:23:04.000,2021-01-01T15:32:21.000,N,1,24,75,1,1.56,8,0,0.5,0,0,0.3,8.8,2,1,0
2,2021-01-01T15:27:39.000,2021-01-01T15:40:45.000,N,1,74,238,1,3.16,12,0,0.5,3.11,0,0.3,18.66,1,1,2.75
2,2021-01-01T15:22:10.000,2021-01-01T15:47:43.000,N,1,95,113,1,12.13,35,0,0.5,13.4,6.12,0.3,58.07,1,1,2.75
2,2021-01-01T15:10:00.000,2021-01-01T15:26:45.000,N,1,75,152,1,3.37,14,0,0.5,0,0,0.3,14.8,2,1,0
2,2021-01-01T15:58:06.000,2021-01-01T16:19:05.000,N,1,66,181,1,3.87,15.5,0,0.5,3.26,0,0.3,19.56,1,1,0
1,2021-01-01T16:09:06.000,2021-01-01T16:13:10.000,N,1,95,95,1,0.90,5,1,0.5,2,0,0.3,8.8,1,1,0
1,2021-01-01T16:31:42.000,2021-01-01T16:37:44.000,N,1,95,95,1,0.80,6,1,0.5,0,0,0.3,7.8,2,1,0
2,2021-01-01T16:00:26.000,2021-01-01T16:06:50.000,N,1,75,74,1,1.49,7,0,0.5,0,0,0.3,7.8,2,1,0
2,2021-01-01T16:11:42.000,2021-01-01T16:21:46.000,N,1,74,238,1,2.04,9.5,0,0.5,2.06,0,0.3,12.36,1,1,0
2,2021-01-01T16:30:02.000,2021-01-01T16:40:20.000,N,1,236,137,1,4.37,14.5,0,0.5,0,0,0.3,18.05,2,1,2.75
2,2021-01-01T16:12:51.000,2021-01-01T16:20:27.000,N,1,41,75,1,1.51,7.5,0,0.5,2.49,0,0.3,10.79,1,1,0
1,2021-01-01T16:21:57.000,2021-01-01T16:23:09.000,N,1,75,74,1,0.40,3.5,0,0.5,1.05,0,0.3,5.35,1,1,0
1,2021-01-01T16:33:19.000,2021-01-01T16:39:17.000,N,1,129,82,1,1.10,6,0,0.5,2,0,0.3,8.8,1,1,0
1,2021-01-01T16:50:10.000,2021-01-01T17:09:53.000,N,1,129,179,1,3.80,16,0,0.5,0,0,0.3,16.8,2,1,0
2,2021-01-01T16:09:57.000,2021-01-01T16:29:56.000,N,1,25,228,1,2.04,14,0,0.5,2.75,0,0.3,17.55,1,1,0
2,2021-01-01T16:56:09.000,2021-01-01T17:54:38.000,N,1,228,61,1,22.74,67,0,0.5,2.75,0,0.3,70.55,1,1,0
2,2021-01-01T16:13:19.000,2021-01-01T16:19:11.000,N,1,41,166,1,0.88,6,0,0.5,0,0,0.3,6.8,1,1,0
2,2021-01-01T16:26:23.000,2021-01-01T16:28:21.000,N,1,166,166,1,0.47,3.5,0,0.5,0,0,0.3,4.3,2,1,0
2,2021-01-01T16:37:47.000,2021-01-01T16:44:53.000,N,1,41,42,1,1.40,7,0,0.5,1,0,0.3,8.8,1,1,0
2,2021-01-01T16:03:22.000,2021-01-01T16:09:27.000,N,1,7,179,1,1.08,6.5,0,0.5,0,0,0.3,7.3,2,1,0
2,2021-01-01T16:31:31.000,2021-01-01T17:13:09.000,N,1,227,134,1,24.66,66.5,1,0.5,2.75,0,0.3,71.05,1,1,0
2,2021-01-01T16:31:25.000,2021-01-01T16:48:13.000,N,1,61,72,1,3.17,14,0,0.5,0,0,0.3,14.8,2,1,0
2,2021-01-01T16:40:54.000,2021-01-01T16:46:59.000,N,1,7,7,1,0.96,6,0,0.5,0,0,0.3,6.8,1,1,0
2,2021-01-01T16:22:43.000,2021-01-01T16:29:13.000,N,1,95,95,1,1.19,6.5,0,0.5,0,0,0.3,7.3,2,1,0
2,2021-01-01T16:20:31.000,2021-01-01T16:40:20.000,N,1,97,225,1,3.44,14.5,1,0.5,0,0,0.3,16.3,2,1,0
2,2021-01-01T16:35:54.000,2021-01-01T16:35:57.000,N,5,69,264,1,0.15,10,0,0,0,0,0.3,10.3,1,2,0
2,2021-01-01T16:28:05.000,2021-01-01T16:41:21.000,N,1,74,7,1,4.12,15,0,0.5,4,6.12,0.3,25.92,1,1,0
1,2021-01-01T16:32:33.000,2021-01-01T16:35:12.000,N,1,75,74,1,1.00,4.5,1,0.5,0,0,0.3,6.3,2,1,0
1,2021-01-01T16:37:15.000,2021-01-01T16:50:53.000,N,1,74,238,1,2.90,12,3.75,0.5,3,0,0.3,19.55,1,1,2.75
2,2021-01-01T16:40:42.000,2021-01-01T17:00:59.000,N,5,82,75,1,7.54,21.77,0,0,3.05,6.12,0.3,31.24,1,1,0
2,2021-01-01T16:53:43.000,2021-01-01T17:03:56.000,N,1,95,95,1,1.26,8.5,0,0.5,0,0,0.3,9.3,1,1,0
1,2021-01-01T16:03:43.000,2021-01-01T16:13:37.000,N,1,152,41,1,1.60,9,0,0.5,0,0,0.3,9.8,4,1,0
2,2021-01-01T16:15:52.000,2021-01-01T16:21:45.000,N,1,42,41,1,1.18,6.5,0,0.5,0,0,0.3,7.3,1,1,0
2,2021-01-01T16:31:58.000,2021-01-01T16:50:57.000,N,1,42,42,1,3.14,14.5,0,0.5,0,0,0.3,15.3,2,1,0
2,2021-01-01T16:14:39.000,2021-01-01T17:12:15.000,N,1,182,182,1,0.51,31.5,0,0.5,2.75,0,0.3,35.05,1,1,0
2,2021-01-01T16:10:42.000,2021-01-01T16:43:14.000,N,1,65,152,1,10.65,35,1,0.5,9.89,0,0.3,49.44,1,1,2.75
2,2021-01-01T16:15:11.000,2021-01-01T16:20:36.000,N,1,52,40,1,1.05,5.5,0,0.5,0,0,0.3,6.3,2,1,0
2,2021-01-01T16:25:00.000,2021-01-01T16:52:23.000,N,1,40,162,1,8.24,27,0,0.5,6.11,0,0.3,36.66,1,1,2.75
2,2021-01-01T15:39:58.000,2021-01-02T14:53:04.000,N,1,74,262,1,2.74,11.5,0,0.5,2,0,0.3,17.05,1,1,2.75
2,2021-01-01T16:36:02.000,2021-01-01T17:00:31.000,N,1,196,258,1,4.69,18.5,0,0.5,0,0,0.3,19.3,2,1,0
2,2021-01-01T16:25:32.000,2021-01-01T16:48:14.000,N,1,42,65,1,11.83,33.5,0,0.5,3.7,0,0.3,40.75,1,1,2.75
2,2021-01-01T16:51:19.000,2021-01-01T17:03:04.000,N,1,74,262,1,2.51,10.5,0,0.5,3.51,0,0.3,17.56,1,1,2.75
2,2021-01-01T16:30:17.000,2021-01-01T17:08:57.000,N,1,86,197,1,11.55,38,0,0.5,2.75,0,0.3,41.55,1,1,0
2,2021-01-01T14:32:29.000,2021-01-02T13:44:01.000,N,1,95,130,1,2.81,11.5,0,0.5,2.46,0,0.3,14.76,1,1,0
2,2021-01-01T16:33:23.000,2021-01-01T16:52:21.000,N,1,95,56,1,2.76,14,0,0.5,2.96,0,0.3,17.76,1,1,0
2,2021-01-01T16:33:35.000,2021-01-01T16:37:22.000,N,1,74,41,1,0.82,5,0,0.5,0,0,0.3,5.8,2,1,0
2,2021-01-01T16:08:07.000,2021-01-01T16:20:30.000,N,1,41,41,1,2.78,11.5,0,0.5,3.69,0,0.3,15.99,1,1,0
2,2021-01-01T16:45:49.000,2021-01-01T16:52:47.000,N,1,7,7,1,0.97,6,0,0.5,1.36,0,0.3,8.16,1,1,0
2,2021-01-01T16:13:12.000,2021-01-01T16:18:51.000,N,1,244,116,1,1.32,6.5,1,0.5,1.66,0,0.3,9.96,1,1,0
2,2021-01-01T16:20:57.000,2021-01-01T16:23:51.000,N,1,263,263,1,0.46,4,0,0.5,0,0,0.3,7.55,1,1,2.75
2,2021-01-01T16:37:04.000,2021-01-01T16:48:21.000,N,1,74,141,1,2.80,10.5,1,0.5,0,0,0.3,15.05,2,1,2.75
2,2021-01-01T16:28:06.000,2021-01-01T16:35:26.000,N,1,74,168,1,1.36,7.5,0,0.5,1.66,0,0.3,9.96,1,1,0
2,2021-01-01T16:52:42.000,2021-01-01T16:58:51.000,N,1,41,41,1,0.70,6,0,0.5,1.36,0,0.3,8.16,1,1,0
2,2021-01-01T16:40:50.000,2021-01-01T16:49:11.000,N,1,95,135,1,1.55,8,0,0.5,4,0,0.3,12.8,1,1,0
2,2021-01-01T16:46:32.000,2021-01-01T16:53:21.000,N,1,95,95,5,0.99,6.5,0,0.5,1.46,0,0.3,8.76,1,1,0
2,2021-01-01T17:33:51.000,2021-01-01T18:43:18.000,N,1,127,155,1,26.04,76.5,0,0.5,2.75,0,0.3,80.05,1,1,0
2,2021-01-01T17:32:48.000,2021-01-01T17:41:12.000,N,1,33,33,1,0.98,7,0,0.5,0,0,0.3,7.8,2,1,0
2,2021-01-01T17:58:35.000,2021-01-01T18:08:11.000,N,1,74,263,1,2.71,10,0,0.5,0,0,0.3,13.55,2,1,2.75
1,2021-01-01T17:08:35.000,2021-01-01T17:14:05.000,N,1,95,95,1,0.50,5.5,1,0.5,0,0,0.3,7.3,2,1,0
1,2021-01-01T17:22:58.000,2021-01-01T17:31:01.000,N,1,95,134,1,1.60,8,1,0.5,0,0,0.3,9.8,2,1,0
2,2021-01-01T17:07:15.000,2021-01-01T17:29:37.000,N,1,74,68,1,7.06,23,0,0.5,0,0,0.3,26.55,2,1,2.75
2,2021-01-01T17:49:43.000,2021-01-01T17:56:59.000,N,1,166,42,1,1.10,6.5,0,0.5,0,0,0.3,7.3,2,1,0
1,2021-01-01T17:30:34.000,2021-01-01T17:37:11.000,N,1,74,166,1,0.90,6,0,0.5,0,0,0.3,6.8,1,1,0
2,2021-01-01T17:36:08.000,2021-01-01T17:55:35.000,N,1,130,38,1,4.83,17.5,0,0.5,0,0,0.3,18.3,2,1,0
2,2021-01-01T17:17:11.000,2021-01-01T17:44:55.000,N,1,134,247,1,14.69,41,1,0.5,2.75,6.12,0.3,51.67,1,1,0
2,2021-01-01T17:23:59.000,2021-01-01T17:32:10.000,N,1,75,151,1,1.67,8,0,0.5,2.2,0,0.3,11,1,1,0
2,2021-01-01T17:40:54.000,2021-01-01T17:59:37.000,N,1,166,60,1,3.22,16.5,0,0.5,0,0,0.3,17.3,2,1,0
2,2021-01-01T17:43:36.000,2021-01-01T17:49:26.000,N,1,75,238,1,1.36,6.5,0,0.5,1.46,0,0.3,8.76,1,1,0
2,2021-01-01T17:06:11.000,2021-01-01T17:27:31.000,N,1,130,180,1,3.53,16,0,0.5,3.36,0,0.3,20.16,1,1,0
2,2021-01-01T17:29:45.000,2021-01-01T17:36:29.000,N,1,74,41,1,0.78,6.5,0,0.5,2.19,0,0.3,9.49,1,1,0
2,2021-01-01T17:55:14.000,2021-01-01T18:56:51.000,N,1,69,69,1,9.64,42,0,0.5,2.75,0,0.3,45.55,1,1,0
2,2021-01-01T16:24:50.000,2021-01-01T16:39:09.000,N,1,97,225,2,2.75,11.5,1,0.5,0,0,0.3,13.3,2,1,0
2,2021-01-01T17:23:23.000,2021-01-01T17:29:58.000,N,1,42,41,1,1.18,6.5,0,0.5,0,0,0.3,7.3,1,1,0
2,2021-01-01T17:40:40.000,2021-01-01T17:45:17.000,N,1,61,61,1,0.42,4.5,0,0.5,0,0,0.3,5.3,1,1,0
2,2021-01-01T17:16:48.000,2021-01-01T17:35:53.000,N,1,167,248,1,2.52,11,0,0.5,0,0,0.3,11.8,2,1,0
2,2021-01-01T17:14:13.000,2021-01-01T17:50:35.000,N,1,182,82,1,18.52,53.5,0,0.5,2.75,6.12,0.3,63.17,1,1,0
2,2021-01-01T17:00:08.000,2021-01-01T17:07:00.000,N,1,130,28,2,2.08,8,0,0.5,0,0,0.3,8.8,2,1,0
2,2021-01-01T17:20:10.000,2021-01-02T17:07:00.000,N,1,130,197,1,2.65,11,0,0.5,0,0,0.3,11.8,2,1,0
2,2021-01-01T17:49:42.000,2021-01-01T18:01:22.000,N,1,74,262,1,2.36,10.5,0,0.5,1,0,0.3,15.05,1,1,2.75
2,2021-01-01T17:01:20.000,2021-01-01T17:13:07.000,N,1,74,239,1,3.41,12,0,0.5,4.66,0,0.3,20.21,1,1,2.75
2,2021-01-01T17:42:13.000,2021-01-01T17:59:53.000,N,1,42,169,1,3.91,15,0,0.5,0,0,0.3,15.8,2,1,0
2,2021-01-01T17:49:13.000,2021-01-01T17:54:51.000,N,1,7,179,2,0.55,5.5,0,0.5,0,0,0.3,6.3,2,1,0
2,2021-01-01T17:56:07.000,2021-01-01T18:26:03.000,N,1,179,37,2,14.71,42,0,0.5,12.84,0,0.3,55.64,1,1,0
2,2021-01-01T17:30:29.000,2021-01-01T17:31:04.000,N,1,82,82,1,0.00,2.5,1,0.5,5.7,0,0.3,10,1,1,0
2,2021-01-01T17:35:25.000,2021-01-01T17:44:00.000,N,1,74,74,1,1.17,7.5,0,0.5,1,0,0.3,9.3,1,1,0
2,2021-01-01T17:47:47.000,2021-01-01T17:51:13.000,N,1,74,75,1,1.34,5.5,0,0.5,1.26,0,0.3,7.56,1,1,0
2,2021-01-01T17:34:15.000,2021-01-01T17:38:24.000,N,1,116,42,1,0.50,4.5,0,0.5,1.06,0,0.3,6.36,1,1,0
2,2021-01-01T17:34:17.000,2021-01-01T17:45:36.000,N,1,74,140,1,3.02,11,1,0.5,3.11,0,0.3,18.66,1,1,2.75
2,2021-01-01T17:03:12.000,2021-01-01T17:12:54.000,N,1,75,238,1,1.93,9,0,0.5,3.14,0,0.3,15.69,1,1,2.75
2,2021-01-01T17:29:42.000,2021-01-01T17:47:56.000,N,1,74,79,1,7.55,22.5,0,0.5,0,0,0.3,26.05,2,1,2.75
2,2021-01-01T17:59:58.000,2021-01-01T18:27:12.000,N,5,74,212,1,8.51,15,0,0,0,0,0.3,15.3,2,2,0
2,2021-01-01T18:14:38.000,2021-01-01T18:24:53.000,N,1,244,69,2,1.77,9,0,0.5,1.96,0,0.3,11.76,1,1,0
1,2021-01-01T18:34:40.000,2021-01-01T18:49:57.000,N,1,74,142,1,3.70,13.5,2.75,0.5,0,0,0.3,17.05,2,1,2.75
1,2021-01-01T18:39:01.000,2021-01-01T18:43:28.000,N,1,173,56,1,0.50,4.5,0,0.5,0,0,0.3,5.3,1,1,0
2,2021-01-01T18:24:11.000,2021-01-01T18:45:22.000,N,1,244,48,2,7.03,23.5,0,0.5,0,0,0.3,27.05,2,1,2.75
2,2021-01-01T18:22:49.000,2021-01-01T18:28:11.000,N,1,130,215,1,1.33,6.5,0,0.5,2,0,0.3,9.3,1,1,0
2,2021-01-01T18:15:24.000,2021-01-01T18:36:02.000,N,1,82,226,1,3.34,16,0,0.5,0,0,0.3,16.8,1,1,0
2,2021-01-01T18:40:08.000,2021-01-01T18:40:20.000,N,1,41,41,1,0.06,2.5,0,0.5,0,0,0.3,3.3,2,1,0
2,2021-01-01T18:55:43.000,2021-01-01T19:09:52.000,N,1,42,179,1,4.85,16.5,0,0.5,0,6.12,0.3,23.42,2,1,0
2,2021-01-01T18:21:34.000,2021-01-01T18:44:23.000,N,1,75,244,1,4.86,19.5,0,0.5,2,0,0.3,22.3,1,1,0
2,2021-01-01T18:14:52.000,2021-01-01T18:22:03.000,N,1,97,189,1,1.22,7,1,0.5,2.64,0,0.3,11.44,1,1,0
1,2021-01-01T18:51:56.000,2021-01-01T18:59:43.000,N,1,43,74,1,1.20,7,1,0.5,0,0,0.3,8.8,2,1,0
2,2021-01-01T17:58:08.000,2021-01-01T18:05:37.000,N,1,74,236,1,2.17,8.5,0,0.5,2.41,0,0.3,14.46,1,1,2.75
2,2021-01-01T18:29:54.000,2021-01-01T18:38:28.000,N,1,74,42,1,1.37,7.5,0,0.5,1.66,0,0.3,9.96,1,1,0
2,2021-01-01T18:39:40.000,2021-01-01T18:46:12.000,N,1,75,74,1,1.55,7,0,0.5,0,0,0.3,7.8,2,1,0
2,2021-01-01T18:04:22.000,2021-01-01T18:46:03.000,N,1,241,213,1,9.17,35,0,0.5,2.75,0,0.3,38.55,1,1,0
2,2021-01-01T17:37:03.000,2021-01-01T17:53:22.000,N,1,97,256,2,3.80,15,1,0.5,2,0,0.3,18.8,1,1,0
1,2021-01-01T18:29:57.000,2021-01-01T18:39:04.000,N,5,129,93,1,3.70,14,0,0,1,0,0,15,1,2,0
2,2021-01-01T18:31:32.000,2021-01-01T18:36:35.000,N,1,74,74,5,0.71,5.5,0,0.5,2,0,0.3,8.3,1,1,0
2,2021-01-01T18:39:41.000,2021-01-01T18:51:43.000,N,1,74,116,5,2.45,10.5,0,0.5,0,0,0.3,11.3,1,1,0
2,2021-01-01T18:59:10.000,2021-01-01T19:22:17.000,N,1,152,231,5,8.92,27.5,0,0.5,6.21,0,0.3,37.26,1,1,2.75
2,2021-01-01T18:15:26.000,2021-01-01T18:42:30.000,N,1,82,75,1,12.08,36,0,0.5,2.75,6.12,0.3,45.67,1,1,0
2,2021-01-01T18:44:10.000,2021-01-01T20:05:39.000,N,1,75,130,1,15.33,65,0,0.5,2.75,6.12,0.3,74.67,1,1,0
2,2021-01-01T18:51:11.000,2021-01-01T19:00:17.000,N,1,130,10,1,2.09,9,0,0.5,0,0,0.3,9.8,1,1,0
2,2021-01-01T18:00:08.000,2021-01-01T18:22:39.000,N,1,7,80,1,4.24,18,0,0.5,1.08,0,0.3,19.88,1,1,0
2,2021-01-01T18:40:23.000,2021-01-01T18:42:05.000,N,1,41,41,1,0.35,-3,0,-0.5,0,0,-0.3,-3.8,3,1,0
2,2021-01-01T18:40:23.000,2021-01-01T18:42:05.000,N,1,41,41,1,0.35,3,0,0.5,0,0,0.3,3.8,2,1,0
2,2021-01-01T18:37:24.000,2021-01-01T18:59:21.000,N,1,74,239,1,3.80,17,0,0.5,5.14,0,0.3,25.69,1,1,2.75
1,2021-01-01T18:09:55.000,2021-01-01T18:27:34.000,N,1,43,230,2,2.50,13.5,3.25,0.5,3.5,0,0.3,21.05,1,1,2.75
2,2021-01-01T18:07:56.000,2021-01-01T18:34:10.000,N,5,69,69,2,4.63,20,0,0,0,0,0.3,20.3,2,2,0
2,2021-01-01T18:42:47.000,2021-01-01T19:11:32.000,N,5,69,119,2,3.89,16,0,0,0,0,0.3,16.3,2,2,0
2,2021-01-01T18:58:17.000,2021-01-01T19:05:13.000,N,1,130,28,1,2.01,8.5,0,0.5,1,0,0.3,10.3,1,1,0
2,2021-01-01T18:20:41.000,2021-01-01T18:46:57.000,N,1,74,195,1,12.86,36,0,0.5,0,0,0.3,39.55,2,1,2.75
2,2021-01-01T18:14:24.000,2021-01-01T18:17:58.000,N,1,95,95,1,0.61,4.5,1,0.5,1.58,0,0.3,7.88,1,1,0
2,2021-01-01T18:27:05.000,2021-01-01T18:44:46.000,N,1,95,157,1,3.94,16,1,0.5,1.5,0,0.3,19.3,1,1,0
2,2021-01-01T18:30:45.000,2021-01-01T18:46:09.000,N,1,74,151,1,2.19,12,0,0.5,2.56,0,0.3,15.36,1,1,0
2,2021-01-01T18:53:09.000,2021-01-01T18:57:57.000,N,1,166,238,1,1.12,5.5,0,0.5,1.81,0,0.3,10.86,1,1,2.75
2,2021-01-01T18:08:12.000,2021-01-01T18:16:24.000,N,1,74,74,1,1.29,7.5,0,0.5,0,0,0.3,8.3,1,1,0
2,2021-01-01T18:28:39.000,2021-01-01T18:37:19.000,N,1,74,42,1,2.30,9.5,0,0.5,0,0,0.3,10.3,1,1,0
2,2021-01-01T18:19:47.000,2021-01-01T18:34:27.000,N,1,95,129,1,5.12,16,0,0.5,1,0,0.3,17.8,1,1,0
2,2021-01-01T18:28:35.000,2021-01-01T18:38:26.000,N,1,74,236,1,2.59,9.5,1,0.5,2.81,0,0.3,16.86,1,1,2.75
2,2021-01-01T19:14:34.000,2021-01-01T19:24:04.000,N,1,134,216,2,3.78,13,0,0.5,0,0,0.3,13.8,2,1,0
2,2021-01-01T19:19:13.000,2021-01-01T19:31:08.000,N,1,74,262,1,2.39,10.5,0,0.5,0,0,0.3,14.05,2,1,2.75
2,2021-01-01T19:40:57.000,2021-01-01T19:42:29.000,N,1,75,74,1,0.53,3.5,0,0.5,0.86,0,0.3,5.16,1,1,0
1,2021-01-01T19:51:16.000,2021-01-01T19:57:38.000,N,1,95,196,2,1.10,6,1,0.5,0,0,0.3,7.8,2,1,0
1,2021-01-01T19:32:19.000,2021-01-01T19:47:14.000,N,1,74,238,1,3.00,12.5,2.75,0.5,0,0,0.3,16.05,2,1,2.75
2,2021-01-01T19:13:23.000,2021-01-01T19:16:04.000,N,1,43,151,1,0.77,4.5,0,0.5,0.53,0,0.3,5.83,1,1,0
2,2021-01-01T19:38:06.000,2021-01-01T19:41:14.000,N,1,75,74,3,1.34,5.5,0,0.5,1.58,0,0.3,7.88,1,1,0
2,2021-01-01T19:18:03.000,2021-01-01T19:24:22.000,N,1,43,141,1,1.75,7.5,0,0.5,0,0,0.3,11.05,1,1,2.75
2,2021-01-01T19:29:51.000,2021-01-01T19:41:12.000,N,1,75,43,1,2.41,10.5,0,0.5,2.26,0,0.3,13.56,1,1,0
2,2021-01-01T20:00:11.000,2021-01-01T20:04:07.000,N,1,75,41,1,1.24,5.5,0,0.5,1.26,0,0.3,7.56,1,1,0
2,2021-01-01T19:58:51.000,2021-01-01T20:12:00.000,N,1,74,60,1,4.91,16,1,0.5,0.2,0,0.3,18,1,1,0
1,2021-01-01T19:24:07.000,2021-01-01T19:27:10.000,N,1,75,75,1,0.70,4.5,1,0.5,10,0,0.3,16.3,1,1,0
1,2021-01-01T19:28:43.000,2021-01-01T19:47:35.000,N,1,75,213,1,6.10,19.5,1,0.5,0,0,0.3,21.3,2,1,0
2,2021-01-01T19:07:30.000,2021-01-01T19:15:28.000,N,1,75,75,1,1.36,7.5,0,0.5,1.24,0,0.3,9.54,1,1,0
2,2021-01-01T19:34:23.000,2021-01-01T20:04:12.000,N,1,75,74,1,16.10,44.5,0,0.5,6,0,0.3,51.3,1,1,0
2,2021-01-01T19:55:23.000,2021-01-01T20:17:21.000,N,1,69,174,1,5.68,21.5,0,0.5,2.75,0,0.3,25.05,1,1,0
2,2021-01-01T19:00:59.000,2021-01-01T19:12:00.000,N,1,41,75,6,1.80,9.5,0,0.5,0,0,0.3,10.3,1,1,0
2,2021-01-01T19:31:36.000,2021-01-01T19:42:50.000,N,1,75,140,1,2.40,10,0,0.5,2.71,0,0.3,16.26,1,1,2.75
2,2021-01-01T19:50:02.000,2021-01-01T19:52:23.000,N,1,74,74,1,0.68,4,0,0.5,0,0,0.3,4.8,2,1,0
2,2021-01-01T19:26:01.000,2021-01-01T19:32:06.000,N,1,74,41,1,1.13,6,1,0.5,0,0,0.3,7.8,2,1,0
2,2021-01-01T19:39:11.000,2021-01-01T19:45:01.000,N,1,95,134,1,1.19,6.5,1,0.5,2.08,0,0.3,10.38,1,1,0
2,2021-01-01T19:15:13.000,2021-01-01T19:34:19.000,N,1,42,239,1,4.52,18,0,0.5,0,0,0.3,21.55,2,1,2.75
2,2021-01-01T19:20:26.000,2021-01-01T20:12:58.000,N,1,55,75,1,24.81,68.5,0,0.5,2.75,6.12,0.3,78.17,1,1,0
2,2021-01-01T19:04:29.000,2021-01-01T19:14:32.000,N,1,116,159,1,1.78,9,1,0.5,0,0,0.3,10.8,2,1,0
2,2021-01-01T19:23:24.000,2021-01-01T19:45:25.000,N,5,247,159,2,3.25,15,0,0,0,0,0.3,15.3,2,2,0
2,2021-01-01T19:47:12.000,2021-01-01T20:09:03.000,N,5,159,169,2,3.03,17,0,0,0,0,0.3,17.3,2,2,0
2,2021-01-01T19:55:47.000,2021-01-01T20:19:37.000,N,1,75,202,1,6.16,21,0,0.5,4.91,0,0.3,29.46,1,1,2.75
2,2021-01-01T19:28:46.000,2021-01-01T19:39:05.000,N,1,74,166,1,1.66,9,0,0.5,0,0,0.3,9.8,1,1,0
2,2021-01-01T18:42:20.000,2021-01-01T18:59:35.000,N,1,244,220,1,3.19,13.5,0,0.5,0,0,0.3,14.3,2,1,0
2,2021-01-01T19:19:27.000,2021-01-01T19:29:54.000,N,1,74,244,1,2.60,10,0,0.5,0,0,0.3,10.8,2,1,0
2,2021-01-01T19:26:02.000,2021-01-01T19:35:25.000,N,1,41,116,1,1.87,8.5,0,0.5,0,0,0.3,9.3,2,1,0
2,2021-01-01T20:22:50.000,2021-01-01T20:30:51.000,N,1,42,42,1,1.09,7,0.5,0.5,2.49,0,0.3,10.79,1,1,0
2,2021-01-01T20:59:53.000,2021-01-01T21:08:15.000,N,1,75,238,1,1.67,8,0.5,0.5,3.01,0,0.3,15.06,1,1,2.75
1,2021-01-01T20:32:55.000,2021-01-01T20:45:31.000,N,1,95,134,1,2.00,10,0.5,0.5,2.25,0,0.3,13.55,1,1,0
1,2021-01-01T20:51:42.000,2021-01-01T21:04:58.000,N,1,82,70,1,2.20,10.5,0.5,0.5,0,0,0.3,11.8,2,1,0
2,2021-01-01T20:48:19.000,2021-01-01T20:54:12.000,N,1,41,42,1,1.29,6.5,0.5,0.5,1.56,0,0.3,9.36,1,1,0
2,2021-01-01T20:11:55.000,2021-01-01T20:15:22.000,N,1,75,263,1,0.87,5,0.5,0.5,1.89,0,0.3,8.19,1,1,0
2,2021-01-01T20:41:13.000,2021-01-01T20:41:27.000,N,2,75,75,1,0.00,52,0,0.5,0,0,0.3,52.8,2,1,0
2,2021-01-01T20:41:49.000,2021-01-01T21:02:19.000,N,1,75,200,1,9.32,28,0.5,0.5,0,2.8,0.3,32.1,2,1,0
1,2021-01-01T20:15:30.000,2021-01-01T20:21:02.000,N,1,75,238,1,1.30,6.5,3.25,0.5,3.15,0,0.3,13.7,1,1,2.75
1,2021-01-01T20:29:52.000,2021-01-01T20:43:15.000,N,1,75,143,3,3.30,13,3.25,0.5,0,0,0.3,17.05,2,1,2.75
2,2021-01-01T19:59:32.000,2021-01-01T20:05:42.000,N,1,74,42,1,1.27,6.5,0.5,0.5,1.56,0,0.3,9.36,1,1,0
2,2021-01-01T20:52:55.000,2021-01-01T21:33:47.000,N,1,174,82,1,13.43,42.5,0.5,0.5,2.75,6.12,0.3,52.67,1,1,0
2,2021-01-01T20:09:10.000,2021-01-01T20:35:07.000,N,1,95,211,1,12.17,35,0.5,0.5,9.76,0,0.3,48.81,1,1,2.75
2,2021-01-01T20:50:02.000,2021-01-01T21:05:30.000,N,1,41,168,1,2.25,11.5,0.5,0.5,1,0,0.3,13.8,1,1,0
2,2021-01-01T20:26:43.000,2021-01-01T20:56:13.000,N,1,22,210,1,6.49,26,0.5,0.5,2.75,0,0.3,30.05,1,1,0
2,2021-01-01T20:58:42.000,2021-01-01T21:30:35.000,N,1,210,22,1,4.10,22,0.5,0.5,2.75,0,0.3,26.05,1,1,0
2,2021-01-01T20:09:08.000,2021-01-01T20:19:36.000,N,1,194,74,1,2.55,9.5,0.5,0.5,1.11,0,0.3,11.91,1,1,0
2,2021-01-01T20:02:21.000,2021-01-01T20:08:57.000,N,1,75,74,1,1.79,7.5,0.5,0.5,1,0,0.3,9.8,1,1,0
2,2021-01-01T20:36:27.000,2021-01-01T20:43:01.000,N,1,75,236,1,0.91,6,0.5,0.5,2.01,0,0.3,12.06,1,1,2.75
2,2021-01-01T20:49:05.000,2021-01-01T20:53:39.000,N,1,75,41,1,1.23,6,0.5,0.5,1.7,0,0.3,9,1,1,0
2,2021-01-01T20:58:30.000,2021-01-01T21:08:47.000,N,1,75,75,1,1.94,9,0.5,0.5,3,0,0.3,13.3,1,1,0
2,2021-01-01T20:10:25.000,2021-01-01T21:03:57.000,N,1,115,44,1,16.91,56.5,0.5,0.5,2.75,0,0.3,60.55,1,1,0
2,2021-01-01T20:25:48.000,2021-01-01T20:46:46.000,N,5,69,169,2,4.02,16,0,0,0,0,0.3,16.3,2,2,0
2,2021-01-01T20:25:56.000,2021-01-01T20:32:18.000,N,1,74,263,1,1.84,7.5,0.5,0.5,1.76,0,0.3,10.56,1,1,0
2,2021-01-01T21:14:24.000,2021-01-01T21:30:39.000,N,1,116,238,1,3.31,14,0.5,0.5,1,0,0.3,19.05,1,1,2.75
2,2021-01-01T21:11:48.000,2021-01-01T21:28:14.000,N,1,75,233,1,3.81,14,0.5,0.5,3.61,0,0.3,21.66,1,1,2.75
2,2021-01-01T21:39:06.000,2021-01-01T21:44:43.000,N,1,41,152,1,1.09,6,0.5,0.5,0,0,0.3,7.3,2,1,0
2,2021-01-01T21:58:18.000,2021-01-01T22:03:58.000,N,1,74,75,1,1.28,6,0.5,0.5,1.46,0,0.3,8.76,1,1,0
1,2021-01-01T21:29:42.000,2021-01-01T21:37:14.000,N,1,75,166,1,2.10,8.5,0.5,0.5,0,0,0.3,9.8,2,1,0
1,2021-01-01T21:46:08.000,2021-01-01T21:53:20.000,N,1,41,75,1,1.60,7.5,0.5,0.5,0,0,0.3,8.8,2,1,0
2,2021-01-01T21:51:48.000,2021-01-01T22:15:51.000,N,1,95,82,1,4.53,19,0.5,0.5,6.09,0,0.3,26.39,1,1,0
2,2021-01-01T21:29:30.000,2021-01-01T21:51:07.000,N,5,95,237,1,19.39,34.7,0,0,7.55,0,0.3,45.3,1,2,2.75
2,2021-01-01T21:30:22.000,2021-01-01T21:41:40.000,N,1,74,116,1,2.11,9.5,0.5,0.5,0,0,0.3,10.8,2,1,0
2,2021-01-01T21:15:52.000,2021-01-01T21:50:52.000,N,1,130,79,1,15.55,43.5,0.5,0.5,5,0,0.3,52.55,1,1,2.75
2,2021-01-01T21:53:19.000,2021-01-01T21:57:39.000,N,1,181,181,1,0.58,4.5,0.5,0.5,0,0,0.3,5.8,2,1,0
2,2021-01-01T21:18:31.000,2021-01-02T00:00:00.000,N,1,41,50,1,5.69,19,0.5,0.5,0,0,0.3,23.05,1,1,2.75
2,2021-01-01T21:54:33.000,2021-01-01T21:54:38.000,N,5,260,260,1,0.00,125,0,0,1,0,0.3,126.3,1,2,0
2,2021-01-01T21:45:41.000,2021-01-01T21:45:58.000,N,5,216,264,1,0.09,12,0,0,0,0,0.3,12.3,2,2,0
2,2021-01-01T21:41:48.000,2021-01-01T21:47:15.000,N,1,75,238,1,1.20,6,0.5,0.5,2.01,0,0.3,12.06,1,1,2.75
2,2021-01-01T21:25:38.000,2021-01-01T22:21:35.000,N,1,44,115,1,17.56,57.5,0.5,0.5,2.75,0,0.3,61.55,1,1,0
2,2021-01-01T21:57:54.000,2021-01-01T22:06:10.000,N,1,130,10,1,2.86,10,0.5,0.5,2.26,0,0.3,13.56,1,1,0
2,2021-01-01T20:59:22.000,2021-01-01T21:15:31.000,N,1,74,107,1,5.24,17,0.5,0.5,0,0,0.3,21.05,2,1,2.75
2,2021-01-01T21:51:36.000,2021-01-01T21:59:26.000,N,1,74,168,1,1.77,8,0.5,0.5,0,0,0.3,9.3,1,1,0
2,2021-01-01T22:14:03.000,2021-01-01T22:23:07.000,N,1,74,116,1,2.49,9.5,0.5,0.5,0,0,0.3,10.8,2,1,0
2,2021-01-01T22:52:58.000,2021-01-01T23:05:57.000,N,1,43,100,1,3.48,13,0.5,0.5,1.5,0,0.3,18.55,1,1,2.75
1,2021-01-01T22:18:54.000,2021-01-01T22:21:54.000,N,1,82,129,1,0.00,3.5,0.5,0.5,0,0,0.3,4.8,3,1,0
1,2021-01-01T22:13:37.000,2021-01-01T22:18:21.000,N,1,75,74,1,1.40,6,0.5,0.5,1.45,0,0.3,8.75,1,1,0
1,2021-01-01T22:25:56.000,2021-01-01T22:30:37.000,N,1,75,74,1,0.90,5.5,0.5,0.5,0,0,0.3,6.8,4,1,0
2,2021-01-01T22:13:37.000,2021-01-01T22:18:22.000,N,1,42,42,6,0.72,5.5,0.5,0.5,0,0,0.3,6.8,2,1,0
1,2021-01-01T22:02:10.000,2021-01-01T22:02:26.000,N,1,28,28,1,0.00,2.5,0.5,0.5,10,0,0.3,13.8,1,1,0
2,2021-01-01T22:45:28.000,2021-01-01T22:46:40.000,N,1,264,264,1,0.00,2.5,0.5,0.5,31.2,0,0.3,35,1,1,0
2,2021-01-01T22:37:33.000,2021-01-01T22:46:08.000,N,1,130,130,1,2.07,8.5,0.5,0.5,2,0,0.3,11.8,1,1,0
2,2021-01-01T22:52:36.000,2021-01-01T22:58:38.000,N,1,7,226,1,1.39,6.5,0.5,0.5,0,0,0.3,7.8,2,1,0
2,2021-01-01T21:57:05.000,2021-01-01T21:57:15.000,N,1,74,74,1,0.00,2.5,0.5,0.5,8.5,0,0.3,12.3,1,1,0
2,2021-01-01T20:56:47.000,2021-01-01T21:25:34.000,N,1,95,56,1,1.83,9,0.5,0.5,2.06,0,0.3,12.36,1,1,0
1,2021-01-01T22:15:46.000,2021-01-01T22:19:14.000,N,1,75,74,1,1.00,5,0.5,0.5,0,0,0.3,6.3,1,1,0
2,2021-01-01T22:46:19.000,2021-01-01T23:01:11.000,N,1,226,7,1,2.45,12,0.5,0.5,0,0,0.3,13.3,2,1,0
2,2021-01-01T22:37:45.000,2021-01-01T23:45:18.000,N,1,10,136,1,23.93,79,0.5,0.5,2.75,6.12,0.3,89.17,1,1,0
2,2021-01-01T22:29:37.000,2021-01-01T22:33:17.000,N,1,74,75,1,0.90,5,0.5,0.5,0,0,0.3,6.3,2,1,0
2,2021-01-01T23:21:26.000,2021-01-01T23:25:33.000,N,1,75,263,1,0.69,5,0.5,0.5,0,0,0.3,6.3,1,1,0
2,2021-01-01T23:58:43.000,2021-01-02T00:11:29.000,N,1,74,69,1,2.82,11,0.5,0.5,0,0,0.3,12.3,1,1,0
1,2021-01-01T23:09:59.000,2021-01-01T23:17:29.000,N,1,75,74,1,1.70,7.5,0.5,0.5,0,0,0.3,8.8,1,1,0
2,2021-01-01T23:55:38.000,2021-01-02T00:08:52.000,N,1,75,107,1,4.64,15,0.5,0.5,3.81,0,0.3,22.86,1,1,2.75
2,2021-01-01T23:04:05.000,2021-01-01T23:18:54.000,N,1,174,127,1,3.36,14,0.5,0.5,2.75,0,0.3,18.05,1,1,0
2,2021-01-01T23:47:36.000,2021-01-01T23:59:40.000,N,1,146,226,1,2.28,10,0.5,0.5,2.75,0,0.3,14.05,1,1,0
2,2021-01-01T23:27:53.000,2021-01-02T00:27:42.000,N,1,173,68,2,11.55,48,0.5,0.5,2.75,6.12,0.3,58.17,1,1,0
2,2021-01-01T23:12:03.000,2021-01-01T23:22:10.000,N,1,74,244,1,3.58,12.5,0.5,0.5,0,0,0.3,13.8,2,1,0
2,2021-01-01T23:27:38.000,2021-01-01T23:43:39.000,N,1,244,263,1,6.03,19.5,0.5,0.5,0,0,0.3,23.55,1,1,2.75
2,2021-01-02T00:14:34.000,2021-01-02T00:19:53.000,N,1,42,244,1,1.25,6,0.5,0.5,0,0,0.3,7.3,1,1,0
2,2021-01-02T00:21:20.000,2021-01-02T00:52:01.000,N,1,75,220,1,9.11,31,0.5,0.5,0,0,0.3,32.3,1,1,0
1,2021-01-02T00:09:02.000,2021-01-02T00:15:59.000,N,1,65,232,1,3.70,12,3.25,0.5,0,0,0.3,16.05,2,1,2.75
1,2021-01-02T00:48:21.000,2021-01-02T01:06:31.000,N,1,75,20,2,9.40,26,0.5,0.5,0.02,0,0.3,27.32,1,1,0
2,2021-01-02T00:56:04.000,2021-01-02T00:57:18.000,N,1,74,41,1,0.37,3,0.5,0.5,1,0,0.3,5.3,1,1,0
2,2021-01-02T00:05:14.000,2021-01-02T00:25:27.000,N,1,174,127,1,3.60,16,0.5,0.5,2.75,0,0.3,20.05,1,1,0
2,2021-01-02T00:36:22.000,2021-01-02T00:44:50.000,N,1,92,173,1,2.10,8.5,0.5,0.5,0,0,0.3,9.8,2,1,0
2,2021-01-02T00:06:06.000,2021-01-02T00:23:12.000,N,5,82,75,1,7.94,22.78,0,0,3.16,6.12,0.3,32.36,1,1,0
2,2021-01-02T00:58:33.000,2021-01-02T00:59:09.000,N,1,42,42,1,0.02,2.5,0.5,0.5,0,0,0.3,3.8,2,1,0
2,2021-01-02T00:47:46.000,2021-01-02T01:04:29.000,N,1,62,256,1,4.23,15,0.5,0.5,0,0,0.3,16.3,2,1,0
2,2021-01-02T00:37:32.000,2021-01-02T00:43:35.000,N,1,168,168,1,1.23,6.5,0.5,0.5,0,0,0.3,7.8,2,1,0
2,2021-01-02T00:48:10.000,2021-01-02T00:56:37.000,N,1,159,116,1,2.06,9,0.5,0.5,0,0,0.3,10.3,2,1,0
2,2021-01-02T01:14:59.000,2021-01-02T01:21:21.000,N,1,75,41,1,1.22,6.5,0.5,0.5,1.95,0,0.3,9.75,1,1,0
2,2021-01-02T02:27:31.000,2021-01-02T02:33:06.000,N,1,75,74,1,1.58,7,0.5,0.5,0,0,0.3,8.3,2,1,0
2,2021-01-02T02:37:09.000,2021-01-02T02:54:32.000,N,1,75,116,1,2.86,13.5,0.5,0.5,0,0,0.3,14.8,2,1,0
2,2021-01-02T02:20:08.000,2021-01-02T02:31:11.000,N,1,42,168,1,2.16,10,0.5,0.5,0,0,0.3,11.3,1,1,0
2,2021-01-02T03:47:38.000,2021-01-02T03:49:22.000,N,1,173,173,1,0.26,3.5,0.5,0.5,0,0,0.3,4.8,2,1,0
2,2021-01-02T04:10:44.000,2021-01-02T04:24:54.000,N,1,42,138,1,7.86,22.5,0.5,0.5,8.98,6.12,0.3,38.9,1,1,0
2,2021-01-02T04:52:29.000,2021-01-02T04:54:57.000,N,1,75,74,1,1.09,5,0.5,0.5,0,0,0.3,6.3,2,1,0
2,2021-01-02T04:21:11.000,2021-01-02T04:37:36.000,N,1,173,252,1,4.15,15,0.5,0.5,0,0,0.3,16.3,2,1,0
2,2021-01-02T04:56:04.000,2021-01-02T04:56:09.000,N,1,41,41,1,0.00,2.5,0.5,0.5,0,0,0.3,3.8,2,1,0
1,2021-01-02T05:18:50.000,2021-01-02T05:26:24.000,N,1,247,235,1,3.50,11.5,0.5,0.5,0,0,0.3,12.8,2,1,0
1,2021-01-02T05:42:30.000,2021-01-02T05:52:14.000,N,1,116,220,1,5.70,17,0,0.5,1,0,0.3,18.8,1,1,0
2,2021-01-02T05:32:52.000,2021-01-02T05:32:56.000,N,5,254,254,1,0.00,18,0,0,0,0,0.3,18.3,1,2,0
2,2021-01-02T05:47:43.000,2021-01-02T06:02:07.000,N,1,130,218,1,3.43,13,0.5,0.5,0,0,0.3,14.3,1,1,0
2,2021-01-02T05:05:07.000,2021-01-02T05:19:54.000,N,1,74,136,1,5.80,18.5,0.5,0.5,0,0,0.3,19.8,2,1,0
2,2021-01-02T06:21:30.000,2021-01-02T06:33:52.000,N,1,244,48,1,6.76,20,0,0.5,4.71,0,0.3,28.26,1,1,2.75
2,2021-01-02T06:32:08.000,2021-01-02T06:37:35.000,N,1,41,166,1,1.12,6,0,0.5,0,0,0.3,6.8,2,1,0
2,2021-01-02T06:32:30.000,2021-01-02T06:39:41.000,N,1,145,226,1,1.52,7.5,0,0.5,1.66,0,0.3,9.96,1,1,0
1,2021-01-02T06:24:04.000,2021-01-02T06:30:01.000,N,1,82,129,1,1.20,6.5,0,0.5,0,0,0.3,7.3,2,1,0
2,2021-01-02T06:44:34.000,2021-01-02T07:04:12.000,N,1,70,80,1,5.71,20.5,0,0.5,0,0,0.3,21.3,2,1,0
2,2021-01-02T07:38:50.000,2021-01-02T07:46:43.000,N,1,41,41,1,1.05,7.5,0,0.5,0,0,0.3,8.3,2,1,0
2,2021-01-02T07:57:53.000,2021-01-02T08:02:31.000,N,1,244,152,1,1.00,6,0,0.5,0,0,0.3,6.8,2,1,0
2,2021-01-02T07:15:32.000,2021-01-02T07:27:40.000,N,1,244,74,1,4.42,14.5,0,0.5,0,0,0.3,15.3,2,1,0
2,2021-01-02T07:30:13.000,2021-01-02T07:46:29.000,N,1,116,140,1,4.84,16.5,0,0.5,0,0,0.3,20.05,2,1,2.75
2,2021-01-02T07:44:11.000,2021-01-02T07:56:11.000,N,1,42,162,1,5.50,17,0,0.5,0,0,0.3,20.55,1,1,2.75
2,2021-01-02T06:59:06.000,2021-01-02T07:06:59.000,N,1,152,50,1,4.44,14,0,0.5,3.51,0,0.3,21.06,1,1,2.75
2,2021-01-02T07:47:25.000,2021-01-02T07:49:54.000,N,1,41,74,1,0.52,4,0,0.5,0,0,0.3,4.8,2,1,0
2,2021-01-02T07:03:46.000,2021-01-02T07:09:55.000,N,1,42,244,1,1.53,7,0,0.5,1.56,0,0.3,9.36,1,1,0
2,2021-01-02T07:23:46.000,2021-01-02T07:29:13.000,N,1,75,263,5,1.12,6,0,0.5,1.91,0,0.3,11.46,1,1,2.75
2,2021-01-02T07:14:48.000,2021-01-02T07:58:24.000,N,1,254,227,1,27.00,72.5,0,0.5,2.75,0,0.3,76.05,1,1,0
2,2021-01-02T07:46:10.000,2021-01-02T07:54:56.000,N,1,41,236,1,2.41,10,0,0.5,1,0,0.3,14.55,1,1,2.75
2,2021-01-02T07:53:39.000,2021-01-02T08:07:28.000,N,1,130,124,1,5.14,17,0,0.5,0,0,0.3,17.8,2,1,0
2,2021-01-02T07:43:12.000,2021-01-02T07:47:38.000,N,1,41,42,1,0.35,4.5,0,0.5,5,0,0.3,10.3,1,1,0
2,2021-01-02T07:45:50.000,2021-01-02T07:56:01.000,N,1,42,166,1,2.26,10,0,0.5,0,0,0.3,10.8,2,1,0
2,2021-01-02T07:55:55.000,2021-01-02T08:12:08.000,N,1,74,231,1,8.75,25.5,0,0.5,0,0,0.3,29.05,2,1,2.75
2,2021-01-02T07:11:14.000,2021-01-02T07:32:46.000,N,1,43,54,1,11.03,32,0,0.5,0,0,0.3,35.55,2,1,2.75
2,2021-01-02T08:02:56.000,2021-01-02T08:14:09.000,N,1,74,159,6,2.77,11,0,0.5,0,0,0.3,11.8,2,1,0
2,2021-01-02T07:36:30.000,2021-01-02T08:47:35.000,N,1,136,10,1,24.94,83,0,0.5,2.75,6.12,0.3,92.67,1,1,0
2,2021-01-02T07:28:32.000,2021-01-02T07:41:12.000,N,1,244,140,1,6.59,19.5,0,0.5,5.76,0,0.3,28.81,1,1,2.75
2,2021-01-02T07:48:20.000,2021-01-02T08:00:57.000,N,1,243,220,1,4.04,14.5,0,0.5,0,0,0.3,15.3,1,1,0
1,2021-01-02T07:47:50.000,2021-01-02T07:56:41.000,N,1,116,120,1,3.30,12,0,0.5,0,0,0.3,12.8,2,1,0
2,2021-01-02T07:35:12.000,2021-01-02T07:43:27.000,N,1,243,153,1,2.21,9,0,0.5,0,0,0.3,9.8,1,1,0
2,2021-01-02T07:50:25.000,2021-01-02T07:54:40.000,N,1,7,223,1,0.90,5,0,0.5,1.16,0,0.3,6.96,1,1,0
2,2021-01-02T07:22:59.000,2021-01-02T07:31:44.000,N,1,130,191,1,2.67,10,0,0.5,0,0,0.3,10.8,2,1,0
2,2021-01-02T07:57:42.000,2021-01-02T08:01:50.000,N,1,122,191,1,1.51,6,0,0.5,0,0,0.3,6.8,2,1,0
2,2021-01-02T08:28:32.000,2021-01-02T08:39:29.000,N,1,116,143,1,4.06,14,0,0.5,3.51,0,0.3,21.06,1,1,2.75
2,2021-01-02T08:08:26.000,2021-01-02T08:13:40.000,N,1,75,262,1,1.40,6.5,0,0.5,0,0,0.3,10.05,2,1,2.75
2,2021-01-02T08:43:58.000,2021-01-02T08:52:03.000,N,1,41,152,1,1.98,8.5,0,0.5,0,0,0.3,9.3,1,1,0
2,2021-01-02T08:07:33.000,2021-01-02T08:10:05.000,N,1,52,40,1,0.47,3.5,0,0.5,0,0,0.3,4.3,2,1,0
2,2021-01-02T08:00:45.000,2021-01-02T08:00:48.000,N,5,74,264,1,0.06,6,0,0,3.8,0,0.3,10.1,1,2,0
2,2021-01-02T08:32:47.000,2021-01-02T08:53:59.000,N,1,116,116,1,3.14,16.5,0,0.5,0,0,0.3,17.3,2,1,0
2,2021-01-02T08:33:16.000,2021-01-02T08:45:37.000,N,1,74,151,1,2.45,11,0,0.5,2.36,0,0.3,14.16,1,1,0
1,2021-01-02T08:46:20.000,2021-01-02T08:52:51.000,N,1,116,159,1,1.60,7.5,0,0.5,0,0,0.3,8.3,1,1,0
2,2021-01-02T08:38:11.000,2021-01-02T08:47:00.000,N,1,74,236,1,2.36,9.5,0,0.5,3.26,0,0.3,16.31,1,1,2.75
2,2021-01-02T08:37:57.000,2021-01-02T08:51:59.000,N,1,244,48,2,6.89,21,0,0.5,0,0,0.3,24.55,2,1,2.75
2,2021-01-02T08:19:42.000,2021-01-02T08:23:35.000,N,1,75,74,5,1.27,5.5,0,0.5,0,0,0.3,6.3,2,1,0
2,2021-01-02T08:24:38.000,2021-01-02T08:34:00.000,N,1,74,42,4,1.60,8.5,0,0.5,0,0,0.3,9.3,2,1,0
2,2021-01-02T08:57:23.000,2021-01-02T09:02:54.000,N,1,243,42,2,2.41,9,0,0.5,0,0,0.3,9.8,2,1,0
1,2021-01-02T08:05:58.000,2021-01-02T08:20:26.000,N,1,25,36,1,0.00,24.2,0,0.5,0,0,0.3,25,1,1,0
1,2021-01-02T08:23:07.000,2021-01-02T08:45:37.000,N,1,36,14,1,0.00,37.03,0,0.5,0,0,0.3,37.83,1,1,0
1,2021-01-02T08:10:04.000,2021-01-02T08:21:50.000,N,1,75,159,1,3.30,12.5,0,0.5,0,0,0.3,13.3,2,1,0
2,2021-01-02T08:38:48.000,2021-01-02T09:16:52.000,N,1,227,247,1,20.66,57,0,0.5,2.75,0,0.3,60.55,1,1,0
2,2021-01-02T08:48:13.000,2021-01-02T09:34:59.000,N,1,243,134,1,15.97,54,0,0.5,2.75,6.12,0.3,63.67,1,1,0
2,2021-01-02T08:07:33.000,2021-01-02T08:22:12.000,N,1,41,243,1,4.81,16.5,0,0.5,2,0,0.3,19.3,1,1,0
2,2021-01-02T08:55:50.000,2021-01-02T09:11:06.000,N,1,43,243,1,7.58,22.5,0,0.5,1,0,0.3,24.3,1,1,0
2,2021-01-02T08:06:04.000,2021-01-02T08:14:44.000,N,1,75,164,1,3.80,12,0,0.5,3.11,0,0.3,18.66,1,1,2.75
2,2021-01-02T08:02:55.000,2021-01-02T08:09:02.000,N,1,75,168,1,1.61,7,0,0.5,0,0,0.3,7.8,2,1,0
2,2021-01-02T08:57:49.000,2021-01-02T09:04:44.000,N,1,74,166,1,1.62,7.5,0,0.5,1.66,0,0.3,9.96,1,1,0
2,2021-01-02T08:52:28.000,2021-01-02T08:56:05.000,N,1,116,42,1,0.52,4.5,0,0.5,0.5,0,0.3,5.8,1,1,0
2,2021-01-02T08:10:25.000,2021-01-02T08:16:11.000,N,1,116,244,1,1.35,7,0,0.5,0,0,0.3,7.8,2,1,0
2,2021-01-02T08:39:55.000,2021-01-02T08:44:40.000,N,1,116,152,1,0.78,5.5,0,0.5,0,0,0.3,6.3,2,1,0
2,2021-01-02T08:14:59.000,2021-01-02T08:31:16.000,N,1,127,142,1,8.28,25,0,0.5,0,0,0.3,28.55,2,1,2.75
2,2021-01-02T08:07:05.000,2021-01-02T09:33:06.000,N,1,69,136,1,13.83,66,0,0.5,2.75,0,0.3,69.55,1,1,0
2,2021-01-02T08:36:32.000,2021-01-02T09:54:15.000,N,1,185,241,1,10.99,50.5,0,0.5,2.75,0,0.3,54.05,1,1,0
1,2021-01-02T08:08:04.000,2021-01-02T08:14:22.000,N,1,41,238,1,1.30,7,0,0.5,2.3,0,0.3,10.1,1,1,0
2,2021-01-02T08:39:39.000,2021-01-02T08:44:54.000,N,1,7,226,1,0.84,6,0,0.5,0,0,0.3,6.8,2,1,0
2,2021-01-02T08:06:35.000,2021-01-02T08:08:52.000,N,1,260,260,1,0.41,4,0,0.5,0,0,0.3,4.8,2,1,0
2,2021-01-02T08:51:35.000,2021-01-02T08:56:51.000,N,1,74,41,1,1.00,6,0,0.5,1.36,0,0.3,8.16,1,1,0
2,2021-01-02T08:18:49.000,2021-01-02T08:22:51.000,N,1,65,97,1,0.69,5,0,0.5,0,0,0.3,5.8,2,1,0
2,2021-01-02T08:05:40.000,2021-01-02T08:40:14.000,N,1,197,97,1,16.37,47.5,0,0.5,2.75,0,0.3,51.05,1,1,0
2,2021-01-02T08:39:40.000,2021-01-02T08:55:12.000,N,1,43,116,1,3.40,14.5,0,0.5,0,0,0.3,15.3,2,1,0
2,2021-01-02T08:00:12.000,2021-01-02T08:05:41.000,N,1,74,75,1,1.46,6.5,0,0.5,1.46,0,0.3,8.76,1,1,0
2,2021-01-02T08:41:47.000,2021-01-02T08:49:27.000,N,1,74,42,1,1.47,7.5,0,0.5,0,0,0.3,8.3,2,1,0
1,2021-01-02T08:03:27.000,2021-01-02T08:21:23.000,N,1,166,140,1,4.10,16,2.75,0.5,3.9,0,0.3,23.45,1,1,2.75
2,2021-01-02T08:10:28.000,2021-01-02T08:18:49.000,N,1,43,142,1,2.74,10,0,0.5,1,0,0.3,14.55,1,1,2.75
2,2021-01-02T08:28:44.000,2021-01-02T08:42:23.000,N,1,24,161,1,3.41,13.5,0,0.5,0,0,0.3,17.05,1,1,2.75
1,2021-01-02T08:29:46.000,2021-01-02T08:47:31.000,N,1,152,138,1,8.70,25.5,0,0.5,6.45,6.12,0.3,38.87,1,1,0
2,2021-01-02T08:56:17.000,2021-01-02T09:08:32.000,N,1,130,191,1,3.27,12,0,0.5,0,0,0.3,12.8,2,1,0
2,2021-01-02T08:23:01.000,2021-01-02T08:23:15.000,N,2,69,69,1,0.00,52,0,0.5,0,0,0.3,52.8,2,1,0
2,2021-01-02T08:23:26.000,2021-01-02T08:35:09.000,N,1,69,168,1,3.06,12,0,0.5,0,0,0.3,12.8,1,1,0
2,2021-01-02T08:24:22.000,2021-01-02T08:30:58.000,N,1,74,42,1,1.19,6.5,0,0.5,0,0,0.3,7.3,2,1,0
2,2021-01-02T08:43:33.000,2021-01-02T08:59:40.000,N,1,166,170,1,5.35,18.5,0,0.5,2.5,0,0.3,24.55,1,1,2.75
2,2021-01-02T08:05:37.000,2021-01-02T08:29:40.000,N,1,75,81,2,12.04,35,0,0.5,0,0,0.3,35.8,2,1,0
2,2021-01-02T08:34:38.000,2021-01-02T08:50:33.000,N,1,243,254,1,5.41,18.5,0,0.5,3.86,0,0.3,23.16,1,1,0
2,2021-01-02T09:31:43.000,2021-01-02T09:40:59.000,N,5,193,161,1,2.79,20,0,0,0,0,0.3,23.05,1,2,2.75
2,2021-01-02T08:59:04.000,2021-01-02T09:15:22.000,N,1,41,47,1,3.63,14.5,0,0.5,3.06,0,0.3,18.36,1,1,0
2,2021-01-02T09:35:20.000,2021-01-02T09:43:42.000,N,1,42,47,1,3.69,12,0,0.5,0,0,0.3,12.8,2,1,0
2,2021-01-02T09:45:25.000,2021-01-02T09:52:40.000,N,1,116,116,1,0.97,6.5,0,0.5,0,0,0.3,7.3,2,1,0
2,2021-01-02T09:23:18.000,2021-01-02T09:28:54.000,N,1,166,116,1,1.24,6.5,0,0.5,0,0,0.3,7.3,2,1,0
2,2021-01-02T09:46:37.000,2021-01-02T09:56:49.000,N,1,41,239,1,2.51,10.5,0,0.5,2.81,0,0.3,16.86,1,1,2.75
1,2021-01-02T09:56:46.000,2021-01-02T10:11:36.000,N,1,82,7,1,2.40,11.5,0,0.5,2,0,0.3,14.3,1,1,0
2,2021-01-02T09:17:03.000,2021-01-02T09:28:06.000,N,1,41,244,1,3.50,13,0,0.5,2.76,0,0.3,16.56,1,1,0
2,2021-01-02T09:30:34.000,2021-01-02T09:32:35.000,N,1,74,41,1,0.68,4,0,0.5,1,0,0.3,5.8,1,1,0
2,2021-01-02T09:35:40.000,2021-01-02T09:40:02.000,N,1,41,74,1,0.87,5.5,0,0.5,1.26,0,0.3,7.56,1,1,0
2,2021-01-02T09:08:53.000,2021-01-02T09:20:42.000,N,1,42,163,1,3.89,12.5,0,0.5,0,0,0.3,16.05,1,1,2.75
2,2021-01-02T09:30:27.000,2021-01-02T09:32:32.000,N,1,75,41,1,0.45,3.5,0,0.5,0.86,0,0.3,5.16,1,1,0
2,2021-01-02T09:42:13.000,2021-01-03T09:32:32.000,N,1,42,42,1,0.59,4,0,0.5,0,0,0.3,4.8,2,1,0
1,2021-01-02T09:38:23.000,2021-01-02T09:50:28.000,N,1,61,177,1,0.00,14.2,0,0.5,0,0,0.3,15,1,1,0
2,2021-01-02T09:55:06.000,2021-01-02T10:03:30.000,N,1,75,236,1,1.69,7.5,0,0.5,0,0,0.3,11.05,2,1,2.75
2,2021-01-02T09:40:13.000,2021-01-02T09:49:52.000,N,1,129,7,1,2.75,10.5,0,0.5,0,0,0.3,11.3,2,1,0
2,2021-01-02T09:29:13.000,2021-01-02T09:39:22.000,N,1,244,239,1,4.70,15.5,0,0.5,0.18,0,0.3,19.23,1,1,2.75
2,2021-01-02T09:55:44.000,2021-01-02T10:10:22.000,N,1,244,236,1,5.52,17.5,0,0.5,0,0,0.3,21.05,1,1,2.75
2,2021-01-02T10:00:56.000,2021-01-02T10:17:39.000,N,1,260,75,1,5.40,17.5,0,0.5,0,0,0.3,21.05,2,1,2.75
2,2021-01-02T09:35:45.000,2021-01-02T10:22:17.000,N,1,134,220,1,17.34,56,0,0.5,2.75,6.12,0.3,65.67,1,1,0
2,2021-01-02T10:00:44.000,2021-01-02T10:23:18.000,N,1,122,101,1,5.60,21,0,0.5,0,0,0.3,21.8,2,1,0
2,2021-01-02T08:58:44.000,2021-01-02T09:03:46.000,N,1,75,237,1,2.29,8,0,0.5,2.31,0,0.3,13.86,1,1,2.75
2,2021-01-02T09:28:40.000,2021-01-02T09:51:11.000,N,1,181,21,1,5.66,21,0,0.5,0,0,0.3,21.8,1,1,0
2,2021-01-02T09:31:43.000,2021-01-02T09:36:05.000,N,1,74,41,1,0.87,5,0,0.5,1.16,0,0.3,6.96,1,1,0
2,2021-01-02T09:16:06.000,2021-01-02T09:19:40.000,N,1,42,42,1,0.66,4.5,0,0.5,0,0,0.3,5.3,2,1,0
2,2021-01-02T09:23:24.000,2021-01-02T09:28:08.000,N,1,42,24,1,1.31,6.5,0,0.5,0,0,0.3,7.3,1,1,0
2,2021-01-02T09:15:32.000,2021-01-02T09:29:08.000,N,1,7,263,1,4.19,14.5,0,0.5,4.51,0,0.3,22.56,1,1,2.75
2,2021-01-02T09:39:24.000,2021-01-02T09:52:28.000,N,1,75,152,1,2.74,11,0,0.5,0,0,0.3,11.8,2,1,0
1,2021-01-02T09:41:06.000,2021-01-02T09:56:45.000,N,1,244,142,1,5.70,19,2.75,0.5,0,0,0.3,22.55,2,1,2.75
1,2021-01-02T09:22:14.000,2021-01-02T09:28:16.000,N,1,153,243,1,1.30,6.5,0,0.5,0,0,0.3,7.3,2,1,0
2,2021-01-02T09:22:36.000,2021-01-02T09:35:33.000,N,1,244,50,1,6.62,20,0,0.5,0,0,0.3,23.55,2,1,2.75
2,2021-01-02T09:07:47.000,2021-01-02T09:17:24.000,N,1,129,173,1,1.33,8,0,0.5,0,0,0.3,8.8,2,1,0
1,2021-01-02T09:42:55.000,2021-01-02T11:25:33.000,N,5,56,173,1,21.60,0,0,0,0,0,0,0,2,2,0
1,2021-01-02T09:13:05.000,2021-01-02T09:13:15.000,N,3,82,82,1,0.00,20,0,0,0,0,0.3,20.3,3,1,0
1,2021-01-02T09:13:56.000,2021-01-02T09:36:34.000,N,5,82,112,1,5.60,25,0,0,0,0,0,25,1,2,0
1,2021-01-02T09:39:41.000,2021-01-02T10:05:06.000,N,5,112,129,1,5.10,20,0,0,0,0,0,20,1,2,0
2,2021-01-02T09:54:51.000,2021-01-02T10:06:19.000,N,1,75,142,1,2.67,11,0,0.5,0,0,0.3,14.55,1,1,2.75
2,2021-01-02T09:52:25.000,2021-01-02T09:59:40.000,N,1,196,95,1,1.30,7,0,0.5,1.56,0,0.3,9.36,1,1,0
2,2021-01-02T09:42:27.000,2021-01-02T09:52:00.000,N,1,75,74,1,1.43,8,0,0.5,1.76,0,0.3,10.56,1,1,0
2,2021-01-02T09:25:37.000,2021-01-02T09:35:47.000,N,1,41,141,1,2.49,10,0,0.5,0,0,0.3,13.55,2,1,2.75
2,2021-01-02T09:05:07.000,2021-01-02T10:02:34.000,N,1,97,86,1,22.62,69,0,0.5,2.75,0,0.3,72.55,1,1,0
2,2021-01-02T09:19:16.000,2021-01-02T09:25:15.000,N,1,166,43,1,1.46,7,0,0.5,1.56,0,0.3,9.36,1,1,0
2,2021-01-02T09:52:43.000,2021-01-02T10:13:21.000,N,1,75,226,1,6.18,21,0,0.5,0,0,0.3,24.55,1,1,2.75
2,2021-01-02T09:48:46.000,2021-01-02T09:58:24.000,N,1,74,24,1,1.83,9,0,0.5,2.45,0,0.3,12.25,1,1,0
1,2021-01-02T09:42:56.000,2021-01-02T09:52:29.000,N,1,116,238,1,3.40,12.5,2.75,0.5,2.2,0,0.3,18.25,1,1,2.75
2,2021-01-02T09:14:01.000,2021-01-02T09:18:24.000,N,1,74,75,1,1.06,5.5,0,0.5,1.58,0,0.3,7.88,1,1,0
2,2021-01-02T10:12:22.000,2021-01-02T10:46:36.000,N,1,119,142,1,7.95,31,0,0.5,2.75,0,0.3,34.55,1,1,0
2,2021-01-02T09:49:29.000,2021-01-02T09:55:16.000,N,1,74,75,1,1.53,6.5,0,0.5,0,0,0.3,7.3,2,1,0
2,2021-01-02T09:36:18.000,2021-01-02T09:43:35.000,N,1,41,239,1,1.88,8.5,0,0.5,3.01,0,0.3,15.06,1,1,2.75
2,2021-01-02T09:06:53.000,2021-01-02T09:21:09.000,N,1,244,220,1,3.32,13,0,0.5,0,0,0.3,13.8,2,1,0
2,2021-01-02T10:13:19.000,2021-01-02T10:31:13.000,N,1,74,234,1,6.92,22,0,0.5,0,0,0.3,25.55,2,1,2.75
2,2021-01-02T09:48:44.000,2021-01-02T09:56:18.000,N,1,166,42,1,1.52,8,0,0.5,0,0,0.3,8.8,1,1,0
2,2021-01-02T09:10:11.000,2021-01-02T09:23:53.000,N,1,75,119,2,5.58,18,0,0.5,0,0,0.3,18.8,2,1,0
2,2021-01-02T09:40:52.000,2021-01-02T09:52:46.000,N,1,42,140,2,5.74,18,0,0.5,0,0,0.3,21.55,2,1,2.75
2,2021-01-02T09:48:09.000,2021-01-02T09:52:56.000,N,1,116,152,1,0.85,5.5,0,0.5,5,0,0.3,11.3,1,1,0
2,2021-01-02T10:57:27.000,2021-01-02T10:59:05.000,N,1,193,193,1,0.00,3,0,0.5,0.08,0,0.3,3.88,1,1,0
2,2021-01-02T10:56:03.000,2021-01-02T11:13:07.000,N,1,25,228,1,3.37,15,0,0.5,0,0,0.3,15.8,2,1,0
2,2021-01-02T10:11:34.000,2021-01-02T10:12:47.000,N,5,193,193,1,0.00,13.86,0,0,3.16,0,0.3,17.32,1,1,0
2,2021-01-02T10:13:03.000,2021-01-02T10:13:15.000,N,1,193,193,1,0.00,-2.5,0,-0.5,0,0,-0.3,-3.3,3,1,0
2,2021-01-02T10:13:03.000,2021-01-02T10:13:15.000,N,1,193,193,1,0.00,2.5,0,0.5,0,0,0.3,3.3,2,1,0
2,2021-01-02T10:25:55.000,2021-01-02T10:30:46.000,N,1,41,74,1,1.01,6,0,0.5,0,0,0.3,6.8,1,1,0
2,2021-01-02T10:36:46.000,2021-01-02T10:40:46.000,N,1,7,7,1,0.84,5,0,0.5,0,0,0.3,5.8,2,1,0
2,2021-01-02T10:15:47.000,2021-01-02T10:16:06.000,N,5,74,74,1,0.00,33,0,0,1.08,0,0.3,34.38,1,2,0
2,2021-01-02T10:30:56.000,2021-01-02T10:43:56.000,N,1,116,248,1,5.97,18.5,0,0.5,0,0,0.3,19.3,2,1,0
1,2021-01-02T10:17:55.000,2021-01-02T10:27:50.000,N,1,116,239,1,3.20,12,2.75,0.5,10,0,0.3,25.55,1,1,2.75
2,2021-01-02T10:25:54.000,2021-01-02T10:28:38.000,N,1,75,75,1,0.58,4,0,0.5,0,0,0.3,4.8,2,1,0
2,2021-01-02T10:35:08.000,2021-01-02T10:56:20.000,N,1,74,248,1,5.81,21,0,0.5,0,0,0.3,21.8,2,1,0
2,2021-01-02T10:02:55.000,2021-01-02T10:30:51.000,N,1,74,249,4,8.15,27,0,0.5,6.11,0,0.3,36.66,1,1,2.75
2,2021-01-02T10:57:16.000,2021-01-02T11:04:12.000,N,1,130,10,1,1.66,7,0,0.5,2,0,0.3,9.8,1,1,0
2,2021-01-02T10:09:27.000,2021-01-02T11:48:52.000,N,1,61,177,1,10.20,63,0,0.5,2.75,0,0.3,66.55,1,1,0
2,2021-01-02T10:32:30.000,2021-01-02T10:37:52.000,N,1,130,130,1,1.28,6.5,0,0.5,0,0,0.3,7.3,2,1,0
2,2021-01-02T10:02:53.000,2021-01-02T10:11:00.000,N,1,135,28,1,1.40,8,0,0.5,0,0,0.3,8.8,2,1,0
2,2021-01-02T11:01:06.000,2021-01-02T11:04:48.000,N,1,244,243,1,0.67,5,0,0.5,2,0,0.3,7.8,1,1,0
2,2021-01-02T10:15:45.000,2021-01-02T10:17:45.000,N,1,74,74,1,0.49,3.5,0,0.5,0,0,0.3,4.3,2,1,0
2,2021-01-02T10:50:22.000,2021-01-02T11:07:11.000,N,1,41,143,1,5.32,18.5,0,0.5,0,0,0.3,22.05,2,1,2.75
2,2021-01-02T10:36:10.000,2021-01-02T10:45:43.000,N,1,24,74,1,1.92,9,0,0.5,0,0,0.3,9.8,2,1,0
2,2021-01-02T10:25:41.000,2021-01-02T10:26:53.000,N,5,95,95,1,0.37,10,0,0,0,0,0.3,10.3,1,2,0
2,2021-01-02T10:20:15.000,2021-01-02T10:25:07.000,N,1,41,74,1,0.85,5.5,0,0.5,2,0,0.3,8.3,1,1,0
2,2021-01-02T10:55:10.000,2021-01-02T11:10:08.000,N,1,195,181,1,2.73,12,0,0.5,0,0,0.3,12.8,2,1,0
2,2021-01-02T10:00:54.000,2021-01-02T10:21:32.000,N,1,74,265,1,9.95,28.5,0,0.5,0,0,0.3,29.3,2,1,0
2,2021-01-02T10:48:54.000,2021-01-02T10:53:10.000,N,1,74,74,1,0.58,4.5,0,0.5,0,0,0.3,5.3,2,1,0
2,2021-01-02T10:10:54.000,2021-01-02T10:16:00.000,N,1,65,189,1,0.96,6,0,0.5,2.04,0,0.3,8.84,1,1,0
2,2021-01-02T10:58:03.000,2021-01-02T11:07:25.000,N,1,65,61,1,1.85,8.5,0,0.5,1.86,0,0.3,11.16,1,1,0
2,2021-01-02T10:22:55.000,2021-01-02T10:26:15.000,N,1,166,166,1,0.63,4.5,0,0.5,0,0,0.3,5.3,2,1,0
2,2021-01-02T10:56:05.000,2021-01-02T11:15:17.000,N,1,42,166,1,1.68,13.5,0,0.5,0,0,0.3,14.3,2,1,0
2,2021-01-02T10:30:55.000,2021-01-02T10:31:01.000,N,5,74,74,2,0.00,9,0,0,1,0,0.3,10.3,1,2,0
2,2021-01-02T10:59:35.000,2021-01-02T11:08:21.000,N,1,74,168,1,2.10,9,0,0.5,0,0,0.3,9.8,2,1,0
1,2021-01-02T10:38:40.000,2021-01-02T10:54:40.000,N,1,116,142,1,4.20,15,2.75,0.5,3.7,0,0.3,22.25,1,1,2.75
1,2021-01-02T10:05:16.000,2021-01-02T10:10:29.000,N,1,17,61,0,0.70,5.5,0,0.5,0,0,0.3,6.3,2,1,0
1,2021-01-02T10:16:11.000,2021-01-02T10:21:11.000,N,1,61,49,0,0.80,5.5,0,0.5,0,0,0.3,6.3,2,1,0
2,2021-01-02T10:42:09.000,2021-01-02T12:25:45.000,N,1,136,69,1,8.96,61,0,0.5,2.75,0,0.3,64.55,1,1,0
2,2021-01-02T10:56:50.000,2021-01-02T11:03:53.000,N,1,41,151,1,1.46,7.5,0,0.5,1.66,0,0.3,9.96,1,1,0
2,2021-01-02T10:09:52.000,2021-01-02T10:44:39.000,N,1,7,134,1,7.67,29,0,0.5,0,0,0.3,29.8,2,1,0
2,2021-01-02T10:10:25.000,2021-01-02T10:42:11.000,N,1,97,75,1,14.06,41,0,0.5,2.75,6.12,0.3,50.67,1,1,0
2,2021-01-02T10:53:02.000,2021-01-02T11:01:43.000,N,1,116,41,1,1.71,8.5,0,0.5,0,0,0.3,9.3,2,1,0
2,2021-01-02T10:58:08.000,2021-01-02T11:02:43.000,N,1,52,40,1,1.04,5.5,0,0.5,1.89,0,0.3,8.19,1,1,0
2,2021-01-02T10:09:12.000,2021-01-02T10:17:17.000,N,1,65,49,1,1.41,7.5,0,0.5,1.66,0,0.3,9.96,1,1,0
2,2021-01-02T10:53:42.000,2021-01-02T11:09:11.000,N,1,65,228,1,2.94,13,0,0.5,3.45,0,0.3,17.25,1,1,0
2,2021-01-02T10:40:44.000,2021-01-02T10:41:39.000,N,1,75,74,1,0.37,3,0,0.5,0,0,0.3,3.8,1,1,0
2,2021-01-02T10:59:46.000,2021-01-02T11:06:53.000,N,1,41,238,1,1.31,7.5,0,0.5,1.15,0,0.3,9.45,1,1,0
2,2021-01-02T09:57:21.000,2021-01-02T10:13:39.000,N,1,169,168,1,3.91,15,0,0.5,0,0,0.3,15.8,2,1,0
2,2021-01-02T10:40:01.000,2021-01-02T10:53:58.000,N,1,244,238,5,4.72,16,0,0.5,0,0,0.3,19.55,2,1,2.75
1,2021-01-02T10:11:08.000,2021-01-02T10:22:42.000,N,1,95,56,1,2.60,10.5,0,0.5,0,0,0.3,11.3,2,1,0
1,2021-01-02T10:55:07.000,2021-01-02T11:04:25.000,N,1,95,95,1,1.20,8,0,0.5,0,0,0.3,8.8,2,1,0
2,2021-01-02T10:01:45.000,2021-01-02T10:11:08.000,N,1,74,229,1,3.67,12.5,0,0.5,3.21,0,0.3,19.26,1,1,2.75
2,2021-01-02T10:44:21.000,2021-01-02T10:46:49.000,N,1,42,42,1,0.00,3.5,0,0.5,0,0,0.3,4.3,2,1,0
2,2021-01-02T10:32:35.000,2021-01-02T10:45:07.000,N,1,95,102,1,2.69,11,0,0.5,0,0,0.3,11.8,2,1,0
2,2021-01-02T10:21:14.000,2021-01-02T10:52:57.000,N,1,146,197,1,12.95,40,0,0.5,0,0,0.3,43.55,2,1,2.75
2,2021-01-02T10:29:41.000,2021-01-02T10:36:18.000,N,1,52,33,1,0.93,6.5,0,0.5,2.19,0,0.3,9.49,1,1,0
2,2021-01-02T10:41:27.000,2021-01-02T10:49:11.000,N,1,260,82,6,1.22,7,0,0.5,0,0,0.3,7.8,2,1,0
2,2021-01-02T10:44:16.000,2021-01-02T10:47:20.000,N,1,65,65,1,0.44,4,0,0.5,0,0,0.3,4.8,2,1,0
2,2021-01-02T10:18:54.000,2021-01-02T10:33:17.000,N,1,74,163,1,3.73,13.5,0,0.5,4.26,0,0.3,21.31,1,1,2.75
2,2021-01-02T10:18:04.000,2021-01-02T10:35:02.000,N,1,244,75,1,3.60,15,0,0.5,1,0,0.3,16.8,1,1,0
1,2021-01-02T10:37:25.000,2021-01-02T10:45:50.000,N,1,152,238,1,2.10,9.5,0,0.5,2.05,0,0.3,12.35,1,1,0
2,2021-01-02T10:15:46.000,2021-01-02T10:22:55.000,N,1,41,166,1,1.08,6.5,0,0.5,0,0,0.3,7.3,2,1,0
2,2021-01-02T10:51:54.000,2021-01-02T10:58:50.000,N,1,74,236,1,2.16,8,0,0.5,0,0,0.3,11.55,2,1,2.75
2,2021-01-02T10:36:06.000,2021-01-02T10:46:16.000,N,1,130,191,1,1.74,9,0,0.5,0,0,0.3,9.8,2,1,0
2,2021-01-02T10:36:12.000,2021-01-02T10:43:59.000,N,1,41,159,2,1.71,8,0,0.5,0,0,0.3,8.8,2,1,0
2,2021-01-02T10:59:08.000,2021-01-02T11:35:47.000,N,2,43,132,2,22.88,52,0,0.5,11.78,6.12,0.3,70.7,1,1,0
2,2021-01-02T10:24:57.000,2021-01-02T10:29:35.000,N,1,95,95,1,1.09,5.5,0,0.5,0,0,0.3,6.3,2,1,0
2,2021-01-02T10:55:03.000,2021-01-02T11:04:23.000,N,1,95,196,1,1.63,8,0,0.5,0,0,0.3,8.8,2,1,0
2,2021-01-02T10:47:10.000,2021-01-02T11:07:35.000,N,1,244,249,1,9.99,29.5,0,0.5,10,0,0.3,43.05,1,1,2.75
2,2021-01-02T11:30:09.000,2021-01-02T11:39:47.000,N,1,7,223,1,2.04,9,0,0.5,0,0,0.3,9.8,2,1,0
1,2021-01-02T11:32:14.000,2021-01-02T11:42:00.000,N,1,74,263,1,2.30,10,2.75,0.5,3.35,0,0.3,16.9,1,1,2.75
2,2021-01-02T11:46:25.000,2021-01-02T12:13:21.000,N,1,169,159,2,3.28,19,0,0.5,2.75,0,0.3,22.55,1,1,0
2,2021-01-02T11:58:42.000,2021-01-02T12:17:29.000,N,1,244,100,1,7.49,24,0,0.5,5.51,0,0.3,33.06,1,1,2.75
2,2021-01-02T11:48:32.000,2021-01-02T11:48:40.000,N,1,74,74,1,0.04,2.5,0,0.5,0,0,0.3,3.3,2,1,0
2,2021-01-02T11:02:05.000,2021-01-02T11:11:00.000,N,1,65,189,1,1.61,8.5,0,0.5,1.86,0,0.3,11.16,1,1,0
2,2021-01-02T11:23:22.000,2021-01-02T11:26:53.000,N,1,65,25,1,0.59,4.5,0,0.5,0,0,0.3,5.3,2,1,0
2,2021-01-02T11:23:19.000,2021-01-02T11:37:31.000,N,1,94,119,1,2.43,11.5,0,0.5,0,0,0.3,12.3,1,1,0
2,2021-01-02T11:43:12.000,2021-01-02T11:58:00.000,N,1,193,100,2,3.99,14.5,0,0.5,0,0,0.3,18.05,2,1,2.75
2,2021-01-02T11:39:12.000,2021-01-02T11:50:40.000,N,1,25,79,1,3.10,12,0,0.5,3.11,0,0.3,18.66,1,1,2.75
2,2021-01-02T11:30:02.000,2021-01-03T09:40:02.000,N,1,166,41,1,0.87,15.5,0,0.5,0,0,0.3,16.3,2,1,0
2,2021-01-02T11:14:07.000,2021-01-02T11:50:55.000,N,1,119,227,1,18.93,52,0,0.5,2.75,0,0.3,55.55,1,1,0
2,2021-01-02T11:54:08.000,2021-01-02T12:28:51.000,N,1,227,197,1,24.01,65,0,0.5,2.75,0,0.3,68.55,1,1,0
2,2021-01-02T11:11:27.000,2021-01-02T11:13:46.000,N,1,41,42,1,0.60,4,0,0.5,0,0,0.3,4.8,2,1,0
2,2021-01-02T11:33:00.000,2021-01-02T11:56:28.000,N,1,166,79,1,8.01,26,0,0.5,0,0,0.3,29.55,2,1,2.75
2,2021-01-02T11:30:47.000,2021-01-02T11:38:22.000,N,1,244,152,1,1.20,7,0,0.5,1.56,0,0.3,9.36,1,1,0
2,2021-01-02T11:48:49.000,2021-01-02T11:56:01.000,N,1,7,146,1,1.45,7,0,0.5,0,0,0.3,7.8,2,1,0
2,2021-01-02T11:59:48.000,2021-01-02T12:14:55.000,N,1,146,263,1,3.87,14.5,0,0.5,0,0,0.3,18.05,2,1,2.75
2,2021-01-02T11:06:18.000,2021-01-02T11:12:43.000,N,1,152,41,1,1.06,6.5,0,0.5,0,0,0.3,7.3,2,1,0
2,2021-01-02T11:48:04.000,2021-01-02T11:48:07.000,N,5,195,264,1,0.00,20,0,0,4.06,0,0.3,24.36,1,2,0
2,2021-01-02T11:54:40.000,2021-01-02T11:54:48.000,N,5,195,195,2,0.00,20,0,0,4.06,0,0.3,24.36,1,2,0
2,2021-01-02T11:55:39.000,2021-01-02T12:10:22.000,N,1,33,17,1,2.80,12.5,0,0.5,0,0,0.3,13.3,2,1,0
2,2021-01-02T11:53:45.000,2021-01-02T11:55:41.000,N,1,166,152,1,0.39,3.5,0,0.5,0,0,0.3,4.3,2,1,0
2,2021-01-02T11:19:47.000,2021-01-02T11:33:28.000,N,1,235,174,1,3.32,12,0,0.5,0,0,0.3,12.8,2,1,0
2,2021-01-02T11:31:48.000,2021-01-02T11:35:13.000,N,1,75,75,1,0.55,4.5,0,0.5,0,0,0.3,5.3,2,1,0
2,2021-01-02T11:05:42.000,2021-01-02T11:11:31.000,N,1,7,7,1,0.89,5.5,0,0.5,1.26,0,0.3,7.56,1,1,0
1,2021-01-02T11:13:00.000,2021-01-02T11:26:34.000,N,1,166,244,1,2.70,12,0,0.5,2,0,0.3,14.8,1,1,0
2,2021-01-02T11:36:41.000,2021-01-02T11:46:34.000,N,1,41,75,1,2.59,9.5,0,0.5,0,0,0.3,10.3,1,1,0
2,2021-01-02T11:46:32.000,2021-01-02T11:52:39.000,N,1,41,152,1,1.29,7,0,0.5,1.56,0,0.3,9.36,1,1,0
2,2021-01-02T11:36:26.000,2021-01-02T11:57:31.000,N,1,179,42,1,9.14,27.5,0,0.5,0,0,0.3,31.05,2,1,2.75
2,2021-01-02T11:51:05.000,2021-01-02T11:56:05.000,N,1,43,75,6,0.81,5.5,0,0.5,0,0,0.3,6.3,2,1,0
2,2021-01-02T11:22:22.000,2021-01-02T11:57:11.000,N,1,75,226,1,8.82,33.5,0,0.5,2.75,6.12,0.3,43.17,1,1,0
2,2021-01-02T11:25:53.000,2021-01-02T11:39:09.000,N,1,152,74,1,2.42,11.5,0,0.5,2.46,0,0.3,14.76,1,1,0
2,2021-01-02T11:50:22.000,2021-01-02T12:01:57.000,N,1,41,75,1,2.47,11,0,0.5,0,0,0.3,11.8,2,1,0
2,2021-01-02T11:15:10.000,2021-01-02T11:19:42.000,N,1,33,40,1,1.16,5.5,0,0.5,1.26,0,0.3,7.56,1,1,0
1,2021-01-02T11:10:16.000,2021-01-02T11:25:12.000,Y,1,226,137,1,4.80,16,2.75,0.5,0,0,0.3,19.55,2,1,2.75
1,2021-01-02T11:40:35.000,2021-01-02T12:00:52.000,Y,1,145,28,1,9.50,29,0,0.5,5.95,0,0.3,35.75,1,1,0
1,2021-01-02T11:34:28.000,2021-01-02T11:39:48.000,N,1,166,152,1,1.20,6.5,0,0.5,0,0,0.3,7.3,1,1,0
1,2021-01-02T11:46:12.000,2021-01-02T11:58:21.000,N,1,42,168,1,2.30,10.5,0,0.5,0,0,0.3,11.3,1,1,0
2,2021-01-02T11:32:23.000,2021-01-02T11:42:01.000,N,1,74,152,1,1.87,9,0,0.5,1.96,0,0.3,11.76,1,1,0
2,2021-01-02T11:40:09.000,2021-01-02T12:05:02.000,N,1,41,234,1,5.76,21,0,0.5,4.91,0,0.3,29.46,1,1,2.75
2,2021-01-02T11:51:59.000,2021-01-02T12:01:29.000,N,1,97,225,1,1.90,9,0,0.5,0,0,0.3,9.8,2,1,0
1,2021-01-02T11:08:44.000,2021-01-02T11:21:10.000,N,1,65,61,1,2.20,10.5,0,0.5,2,0,0.3,13.3,1,1,0
1,2021-01-02T11:51:34.000,2021-01-02T12:02:03.000,N,1,33,195,1,2.20,9.5,0,0.5,0,0,0.3,10.3,1,1,0
2,2021-01-02T11:24:55.000,2021-01-02T11:28:35.000,N,1,196,95,1,0.79,5,0,0.5,0.08,0,0.3,5.88,1,1,0
2,2021-01-02T10:34:55.000,2021-01-02T10:49:07.000,N,1,159,152,1,2.50,12,0,0.5,0,0,0.3,12.8,2,1,0
2,2021-01-02T09:31:43.000,2021-01-02T09:40:10.000,N,1,74,75,1,1.51,8,0,0.5,0,0,0.3,8.8,2,1,0
2,2021-01-02T11:23:16.000,2021-01-02T11:48:58.000,N,1,42,42,1,4.25,19,0,0.5,5.94,0,0.3,25.74,1,1,0
2,2021-01-02T11:58:13.000,2021-01-02T11:58:18.000,N,1,41,41,1,0.02,2.5,0,0.5,0,0,0.3,3.3,2,1,0
2,2021-01-02T11:43:12.000,2021-01-02T11:44:56.000,N,1,75,75,1,0.33,3.5,0,0.5,0,0,0.3,4.3,2,1,0
2,2021-01-02T11:52:52.000,2021-01-02T12:49:50.000,N,1,61,86,1,17.84,56.5,0,0.5,2.75,0,0.3,60.05,1,1,0
2,2021-01-02T11:54:29.000,2021-01-02T12:10:16.000,N,1,74,116,1,4.38,16.5,0,0.5,0,0,0.3,17.3,2,1,0
1,2021-01-02T11:59:30.000,2021-01-02T12:04:16.000,N,1,152,166,1,0.90,5.5,0,0.5,1,0,0.3,7.3,1,1,0
2,2021-01-02T11:32:04.000,2021-01-02T11:46:06.000,N,1,42,69,1,2.73,12,0,0.5,2.56,0,0.3,15.36,1,1,0
2,2021-01-02T11:27:18.000,2021-01-02T11:36:31.000,N,1,129,70,1,3.05,11.5,0,0.5,2.46,0,0.3,14.76,1,1,0
2,2021-01-02T11:46:09.000,2021-01-02T11:48:29.000,N,1,166,151,1,0.25,3.5,0,0.5,0,0,0.3,4.3,2,1,0
2,2021-01-02T11:52:11.000,2021-01-02T11:55:08.000,N,1,33,33,6,0.00,3.5,0,0.5,0,0,0.3,4.3,2,1,0
2,2021-01-02T11:13:34.000,2021-01-02T11:21:43.000,N,1,7,129,1,1.60,8,0,0.5,0,0,0.3,8.8,2,1,0
2,2021-01-02T11:59:05.000,2021-01-02T12:13:01.000,N,1,82,173,1,1.73,10,0,0.5,0,0,0.3,10.8,2,1,0
2,2021-01-02T12:10:27.000,2021-01-02T13:35:26.000,N,1,166,51,2,22.13,79,0,0.5,2.75,0,0.3,82.55,1,1,0
2,2021-01-02T11:27:22.000,2021-01-02T11:40:29.000,N,1,74,116,1,2.51,11,0,0.5,0,0,0.3,11.8,2,1,0
2,2021-01-02T11:43:21.000,2021-01-02T11:52:48.000,N,1,116,166,1,1.69,9,0,0.5,1.96,0,0.3,11.76,1,1,0
2,2021-01-02T11:18:47.000,2021-01-02T11:31:21.000,N,1,42,213,1,5.46,17.5,0,0.5,0,0,0.3,18.3,2,1,0
2,2021-01-02T11:03:22.000,2021-01-02T11:09:15.000,N,1,43,236,1,1.00,6,0,0.5,0,0,0.3,9.55,2,1,2.75
1,2021-01-02T11:11:40.000,2021-01-02T11:26:33.000,N,1,65,188,1,3.20,13.5,0.5,0.5,2.95,0,0.3,17.75,1,1,0
2,2021-01-02T11:42:03.000,2021-01-02T11:52:22.000,N,1,95,98,1,5.79,17.5,0,0.5,0,0,0.3,18.3,2,1,0
2,2021-01-02T11:49:29.000,2021-01-02T12:19:09.000,N,1,74,50,1,6.83,26,0,0.5,5.91,0,0.3,35.46,1,1,2.75
1,2021-01-02T12:33:48.000,2021-01-02T12:48:27.000,N,1,75,238,1,2.60,12.5,2.75,0.5,0,0,0.3,16.05,2,1,2.75
2,2021-01-02T12:34:48.000,2021-01-02T12:42:31.000,N,1,129,138,1,3.84,12.5,0,0.5,1,0,0.3,14.3,1,1,0
2,2021-01-02T12:44:19.000,2021-01-02T12:51:49.000,N,1,41,238,1,1.94,8,0,0.5,0,0,0.3,11.55,2,1,2.75
2,2021-01-02T12:24:11.000,2021-01-02T12:33:00.000,N,1,65,181,1,1.46,8,0,0.5,0,0,0.3,8.8,2,1,0
2,2021-01-02T12:24:43.000,2021-01-02T12:31:59.000,N,1,116,42,1,1.17,7,0,0.5,0,0,0.3,7.8,2,1,0
2,2021-01-02T12:16:39.000,2021-01-02T12:28:35.000,N,1,41,42,1,2.21,10.5,0,0.5,0,0,0.3,11.3,2,1,0
2,2021-01-02T12:13:16.000,2021-01-02T12:15:01.000,N,1,193,193,1,0.00,3,0,0.5,0.8,0,0.3,4.6,1,1,0
2,2021-01-02T12:48:49.000,2021-01-02T12:58:44.000,N,1,42,166,1,1.71,9,0,0.5,1.96,0,0.3,11.76,1,1,0
2,2021-01-02T12:36:19.000,2021-01-02T12:43:41.000,N,1,42,74,1,1.16,7,0,0.5,0,0,0.3,7.8,2,1,0
1,2021-01-02T12:01:32.000,2021-01-02T12:07:23.000,N,1,74,75,2,1.30,6.5,0,0.5,0.37,0,0.3,7.67,1,1,0
2,2021-01-02T12:24:46.000,2021-01-02T12:51:43.000,N,1,181,144,1,4.64,20.5,0,0.5,0,0,0.3,24.05,2,1,2.75
1,2021-01-02T12:52:32.000,2021-01-02T12:57:13.000,N,1,255,256,2,0.80,5,0,0.5,1.15,0,0.3,6.95,1,1,0
2,2021-01-02T12:39:28.000,2021-01-02T13:42:11.000,N,1,177,25,1,5.14,38.5,0,0.5,2.75,0,0.3,42.05,1,1,0
1,2021-01-02T12:26:26.000,2021-01-02T12:41:37.000,N,1,33,65,1,2.00,11.5,0,0.5,2.46,0,0.3,14.76,1,1,0
1,2021-01-02T12:24:45.000,2021-01-02T12:29:18.000,N,1,75,236,1,0.60,4.5,2.75,0.5,1,0,0.3,9.05,1,1,2.75
2,2021-01-02T12:35:44.000,2021-01-02T13:00:22.000,N,1,197,247,1,14.31,40.5,0,0.5,2.75,6.12,0.3,50.17,1,1,0
2,2021-01-02T12:58:36.000,2021-01-02T13:02:42.000,N,1,41,152,1,0.87,5,0,0.5,0,0,0.3,5.8,2,1,0
2,2021-01-02T12:22:10.000,2021-01-02T12:36:00.000,N,1,244,220,1,5.27,17.5,0,0.5,0,0,0.3,18.3,2,1,0
2,2021-01-02T12:50:56.000,2021-01-02T12:54:50.000,N,1,7,146,1,0.72,5,0,0.5,1.16,0,0.3,6.96,1,1,0
2,2021-01-02T12:33:25.000,2021-01-02T12:42:43.000,N,1,74,238,2,2.24,9.5,0,0.5,2,0,0.3,12.3,1,1,0
2,2021-01-02T12:32:18.000,2021-01-02T12:34:28.000,N,1,74,74,1,0.58,4,0,0.5,0,0,0.3,4.8,2,1,0
2,2021-01-02T12:04:31.000,2021-01-02T12:21:35.000,N,1,33,140,1,7.85,23.5,0,0.5,6.76,0,0.3,33.81,1,1,2.75
2,2021-01-02T12:18:10.000,2021-01-02T12:41:47.000,N,1,195,189,1,3.04,16.5,0,0.5,5.19,0,0.3,22.49,1,1,0
2,2021-01-02T12:44:41.000,2021-01-02T13:20:25.000,N,1,189,155,1,6.44,26,0,0.5,3,0,0.3,29.8,1,1,0
2,2021-01-02T12:47:57.000,2021-01-02T12:53:46.000,N,1,75,263,1,1.44,6.5,0,0.5,2.01,0,0.3,12.06,1,1,2.75
2,2021-01-02T12:13:44.000,2021-01-02T12:26:59.000,N,1,65,188,1,2.82,12,0,0.5,2.56,0,0.3,15.36,1,1,0
2,2021-01-02T12:03:18.000,2021-01-02T12:04:53.000,N,1,42,42,1,0.36,3.5,0,0.5,0.86,0,0.3,5.16,1,1,0
2,2021-01-02T12:31:28.000,2021-01-02T12:34:54.000,N,1,75,74,1,0.67,4.5,0,0.5,0,0,0.3,5.3,2,1,0
2,2021-01-02T12:46:17.000,2021-01-02T12:52:13.000,N,1,41,75,1,1.32,6.5,0,0.5,0,0,0.3,7.3,2,1,0
2,2021-01-02T12:28:31.000,2021-01-02T12:43:20.000,N,1,69,41,1,2.34,12,0,0.5,0,0,0.3,12.8,2,1,0
2,2021-01-02T12:45:08.000,2021-01-02T12:50:24.000,N,1,74,75,1,1.37,6,0,0.5,0,0,0.3,6.8,2,1,0
2,2021-01-02T12:02:56.000,2021-01-02T12:05:52.000,N,1,244,116,1,0.49,4,0,0.5,0,0,0.3,4.8,2,1,0
2,2021-01-02T12:22:00.000,2021-01-02T12:26:01.000,N,1,166,238,1,0.72,5,0,0.5,1.16,0,0.3,6.96,1,1,0
2,2021-01-02T12:41:17.000,2021-01-02T12:51:15.000,N,1,74,159,1,2.60,10,0,0.5,0,0,0.3,10.8,2,1,0
2,2021-01-02T12:40:00.000,2021-01-02T12:54:43.000,N,1,7,229,1,3.37,13.5,0,0.5,0,0,0.3,17.05,2,1,2.75
1,2021-01-02T12:43:38.000,2021-01-02T12:54:57.000,N,1,17,61,0,1.80,9,0,0.5,0,0,0.3,9.8,2,1,0
2,2021-01-02T12:04:40.000,2021-01-02T12:12:52.000,N,1,42,24,1,1.42,7.5,0,0.5,0,0,0.3,8.3,2,1,0
2,2021-01-02T12:21:00.000,2021-01-02T12:29:43.000,N,1,41,238,1,1.67,8.5,0,0.5,0,0,0.3,9.3,2,1,0
2,2021-01-02T12:21:33.000,2021-01-02T12:35:01.000,N,1,116,41,1,1.53,10.5,0,0.5,0,0,0.3,11.3,2,1,0
1,2021-01-02T12:41:19.000,2021-01-02T13:15:37.000,N,1,116,33,1,12.80,39.5,2.75,0.5,10.75,0,0.3,53.8,1,1,2.75
2,2021-01-02T12:31:08.000,2021-01-02T12:42:07.000,N,1,74,24,1,1.93,9.5,0,0.5,0,0,0.3,10.3,2,1,0
2,2021-01-02T12:38:21.000,2021-01-02T12:44:18.000,N,1,102,63,6,1.77,7,0,0.5,0,0,0.3,7.8,2,1,0
2,2021-01-02T12:40:54.000,2021-01-02T12:40:56.000,N,5,264,264,1,0.06,1,0,0,0,0,0.3,1.3,1,2,0
2,2021-01-02T12:42:47.000,2021-01-02T12:42:50.000,N,5,25,264,1,0.01,9,0,0,0,0,0.3,9.3,1,2,0
2,2021-01-02T12:04:51.000,2021-01-02T12:18:31.000,N,1,75,243,1,4.27,15,0,0.5,0,0,0.3,15.8,2,1,0
2,2021-01-02T12:03:46.000,2021-01-02T12:11:47.000,N,1,129,173,1,0.93,7,0,0.5,0,0,0.3,7.8,2,1,0
2,2021-01-02T12:02:46.000,2021-01-02T12:12:10.000,N,1,95,95,1,1.64,8.5,0,0.5,0.55,0,0.3,9.85,1,1,0
2,2021-01-02T12:33:14.000,2021-01-02T12:46:29.000,N,1,74,141,1,2.67,12,0,0.5,3.11,0,0.3,18.66,1,1,2.75
2,2021-01-02T12:22:13.000,2021-01-02T12:35:48.000,N,1,97,17,1,2.58,11.5,0,0.5,0,0,0.3,12.3,2,1,0
2,2021-01-02T12:54:28.000,2021-01-02T12:59:27.000,N,1,65,65,1,0.61,5,0,0.5,0.87,0,0.3,6.67,1,1,0
1,2021-01-02T12:28:52.000,2021-01-02T13:01:15.000,N,1,25,33,2,4.40,22,0.5,0.5,4.65,0,0.3,27.95,1,1,0
2,2021-01-02T12:38:24.000,2021-01-02T12:40:44.000,N,1,49,49,1,0.50,4,0,0.5,0,0,0.3,4.8,2,1,0
2,2021-01-02T12:42:43.000,2021-01-02T13:08:18.000,N,1,49,97,1,1.23,16,0,0.5,0,0,0.3,16.8,2,1,0
2,2021-01-02T12:29:53.000,2021-01-02T12:42:05.000,N,1,69,116,1,2.53,11,0,0.5,0,0,0.3,11.8,2,1,0
2,2021-01-02T13:00:11.000,2021-01-02T13:12:15.000,N,1,74,151,1,1.76,9.5,0,0.5,0,0,0.3,10.3,2,1,0
2,2021-01-02T12:16:36.000,2021-01-02T12:27:05.000,N,1,41,239,1,2.65,10.5,0,0.5,2.81,0,0.3,16.86,1,1,2.75
1,2021-01-02T12:13:09.000,2021-01-02T12:17:00.000,N,1,95,95,1,0.70,4.5,0,0.5,0,0,0.3,5.3,2,1,0
1,2021-01-02T12:57:52.000,2021-01-02T12:59:25.000,N,1,95,95,1,0.20,3,0,0.5,0,0,0.3,3.8,4,1,0
1,2021-01-02T12:57:22.000,2021-01-02T13:13:02.000,N,1,42,140,1,4.80,16.5,2.75,0.5,2,0,0.3,22.05,1,1,2.75
2,2021-01-02T12:07:43.000,2021-01-02T12:13:12.000,N,1,41,75,1,1.21,6,0,0.5,1.36,0,0.3,8.16,1,1,0
2,2021-01-02T12:16:07.000,2021-01-02T12:20:35.000,N,1,74,263,1,1.25,6,0,0.5,0,0,0.3,6.8,2,1,0
2,2021-01-02T12:45:07.000,2021-01-02T12:51:30.000,N,1,42,42,1,1.28,7,0,0.5,0,0,0.3,7.8,2,1,0
2,2021-01-02T12:51:21.000,2021-01-02T13:00:41.000,N,1,42,166,1,1.70,8.5,0,0.5,0,0,0.3,9.3,2,1,0
2,2021-01-02T12:28:16.000,2021-01-02T12:36:33.000,N,1,65,49,2,1.44,7.5,0,0.5,1.66,0,0.3,9.96,1,1,0
2,2021-01-02T12:51:26.000,2021-01-02T13:00:27.000,N,1,7,226,1,1.21,8,0,0.5,0,0,0.3,8.8,2,1,0
2,2021-01-02T12:51:15.000,2021-01-02T13:02:13.000,N,1,166,244,1,2.08,10,0,0.5,3.24,0,0.3,14.04,1,1,0
2,2021-01-02T12:33:50.000,2021-01-02T12:56:17.000,N,1,74,79,1,8.76,27,0,0.5,6.11,0,0.3,36.66,1,1,2.75
2,2021-01-02T12:59:36.000,2021-01-02T13:18:20.000,N,1,97,37,1,3.43,15,0,0.5,3.16,0,0.3,18.96,1,1,0
2,2021-01-02T13:00:05.000,2021-01-02T13:28:21.000,N,1,82,263,1,7.19,25.5,0,0.5,5.81,0,0.3,34.86,1,1,2.75
2,2021-01-02T12:48:43.000,2021-01-02T13:54:15.000,N,1,15,177,1,25.76,77,0,0.5,2.75,12.24,0.3,92.79,1,1,0
1,2021-01-02T12:16:47.000,2021-01-02T12:24:56.000,N,1,116,74,1,2.00,9,0,0.5,1.95,0,0.3,11.75,1,1,0
2,2021-01-02T12:07:17.000,2021-01-02T12:12:06.000,N,1,42,41,1,0.87,5.5,0,0.5,0,0,0.3,6.3,2,1,0
2,2021-01-02T12:32:45.000,2021-01-02T12:59:46.000,N,1,82,218,1,11.88,35,0,0.5,0,0,0.3,35.8,2,1,0
2,2021-01-02T12:02:46.000,2021-01-02T12:09:02.000,N,1,166,116,1,0.90,6,0,0.5,0,0,0.3,6.8,2,1,0
